185763,,2,3,元画像なし,,640×320_金マガ特集_バナー,バナー、関西発国内、阪急たびマガ、メールマガジン、メルマガ、DM、金マガ、今いちおし フリープラン、2/14配信、和田慎也様,-1,-1,1月1日,1月1日,mukigen,2,バド制作,1,,,,,,web戦略課,矢内美奈子様,b-n.yano,矢野裕一,,,2月14日,,2月14日,0117_640_320.jpg
185763,,2,3,元画像なし,,220×165_金マガ特集_バナー,バナー、関西発国内、阪急たびマガ、メールマガジン、メルマガ、DM、金マガ、今いちおし フリープラン、2/14配信、和田慎也様,-1,-1,1月1日,1月1日,mukigen,2,バド制作,1,,,,,,web戦略課,矢内美奈子様,b-n.yano,矢野裕一,,,2月14日,,2月14日,0117_220_165.jpg
185763,,2,3,元画像なし,,300×225_金マガ特集_バナー,バナー、関西発国内、阪急たびマガ、メールマガジン、メルマガ、DM、金マガ、今いちおし フリープラン、2/14配信、和田慎也様,-1,-1,1月1日,1月1日,mukigen,2,バド制作,1,,,,,,web戦略課,矢内美奈子様,b-n.yano,矢野裕一,,,2月14日,,2月14日,0117_300_225.jpg
185763,,2,3,元画像なし,,210×60_金マガ特集_バナー,バナー、関西発国内、阪急たびマガ、メールマガジン、メルマガ、DM、金マガ、今いちおし フリープラン、2/14配信、和田慎也様,-1,-1,1月1日,1月1日,mukigen,2,バド制作,1,,,,,,web戦略課,矢内美奈子様,b-n.yano,矢野裕一,,,2月14日,,2月14日,0117_210_60.jpg
185763,,2,3,元画像なし,,640×220_金マガ特集_バナー,バナー、関西発国内、阪急たびマガ、メールマガジン、メルマガ、DM、金マガ、今いちおし フリープラン、2/14配信、和田慎也様,-1,-1,1月1日,1月1日,mukigen,2,バド制作,1,,,,,,web戦略課,矢内美奈子様,b-n.yano,矢野裕一,,,2月14日,,2月14日,0117_640_220.jpg
242829,,2,3,元画像なし,,640×320_関西発東京フリープランバナー,バナー、阪急様制作、国内旅行、東京フリープラン、山田晃全様,-1,-1,1月1日,1月1日,mukigen,2,web販売係/西｜山田晃全様,1,,,,,,web戦略課,矢内美奈子様,b-n.yano,矢野裕一,,,9月30日,,9月30日,0118_640_320.jpg
242829,,2,3,元画像なし,,220×165_関西発東京フリープランバナー,バナー、阪急様制作、国内旅行、東京フリープラン、山田晃全様,-1,-1,1月1日,1月1日,mukigen,2,web販売係/西｜山田晃全様,1,,,,,,web戦略課,矢内美奈子様,b-n.yano,矢野裕一,,,9月30日,,9月30日,0118_220_165.jpg
242829,,2,3,元画像なし,,300×225_関西発東京フリープランバナー,バナー、阪急様制作、国内旅行、東京フリープラン、山田晃全様,-1,-1,1月1日,1月1日,mukigen,2,web販売係/西｜山田晃全様,1,,,,,,web戦略課,矢内美奈子様,b-n.yano,矢野裕一,,,9月30日,,9月30日,0118_300_225.jpg
242829,,2,3,元画像なし,,640×220_関西発東京フリープランバナー,バナー、阪急様制作、国内旅行、東京フリープラン、山田晃全様,-1,-1,1月1日,1月1日,mukigen,2,web販売係/西｜山田晃全様,1,,,,,,web戦略課,矢内美奈子様,b-n.yano,矢野裕一,,,9月30日,,9月30日,0118_640_220.jpg
189725,,2,3,元画像なし,,640×320_関西発国内温泉の旅バナー,バナー、温泉の旅、大阪国内、国内旅行、梶田美佳様、関西発国内,-1,-1,1月1日,1月1日,mukigen,2,WEB戦略課/西_梶田様,1,,,,,,web戦略課,矢内美奈子様,b-n.yano,矢野裕一,,,3月31日,,3月31日,0124_640_320.jpg
189725,,2,3,元画像なし,,220×165_関西発国内温泉の旅バナー,バナー、温泉の旅、大阪国内、国内旅行、梶田美佳様、関西発国内,-1,-1,1月1日,1月1日,mukigen,2,WEB戦略課/西_梶田様,1,,,,,,web戦略課,矢内美奈子様,b-n.yano,矢野裕一,,,3月31日,,3月31日,0124_220_165.jpg
189725,,2,3,元画像なし,,300×225_関西発国内温泉の旅バナー,バナー、温泉の旅、大阪国内、国内旅行、梶田美佳様、関西発国内,-1,-1,1月1日,1月1日,mukigen,2,WEB戦略課/西_梶田様,1,,,,,,web戦略課,矢内美奈子様,b-n.yano,矢野裕一,,,3月31日,,3月31日,0124_300_225.jpg
189725,,2,3,元画像なし,,210×60_関西発国内温泉の旅バナー,バナー、温泉の旅、大阪国内、国内旅行、梶田美佳様、関西発国内,-1,-1,1月1日,1月1日,mukigen,2,WEB戦略課/西_梶田様,1,,,,,,web戦略課,矢内美奈子様,b-n.yano,矢野裕一,,,3月31日,,3月31日,0124_210_60.jpg
189725,,2,3,元画像なし,,640×220_関西発国内温泉の旅バナー,バナー、温泉の旅、大阪国内、国内旅行、梶田美佳様、関西発国内,-1,-1,1月1日,1月1日,mukigen,2,WEB戦略課/西_梶田様,1,,,,,,web戦略課,矢内美奈子様,b-n.yano,矢野裕一,,,3月31日,,3月31日,0124_640_220.jpg
198557,,2,3,元画像なし,,220×165_期間限定お値打ちプランバナー,バナー、期間限定お値打ちプラン、国内旅行、和田慎也様、安田香織様、梶田美佳様、関西発国内,-1,-1,1月1日,1月1日,mukigen,2,WEB販売係/西_梶田様,1,,,,,,web戦略課,矢内美奈子様,b-n.yano,矢野裕一,,,7月11日,,7月11日,0127_220_165.jpg
198557,,2,3,元画像なし,,300×225_期間限定お値打ちプランバナー,バナー、期間限定お値打ちプラン、国内旅行、和田慎也様、安田香織様、梶田美佳様、関西発国内,-1,-1,1月1日,1月1日,mukigen,2,WEB販売係/西_梶田様,1,,,,,,web戦略課,矢内美奈子様,b-n.yano,矢野裕一,,,7月11日,,7月11日,0127_300_225.jpg
198557,,2,3,元画像なし,,210×60_期間限定お値打ちプランバナー,バナー、期間限定お値打ちプラン、国内旅行、和田慎也様、安田香織様、梶田美佳様、関西発国内,-1,-1,1月1日,1月1日,mukigen,2,WEB販売係/西_梶田様,1,,,,,,web戦略課,矢内美奈子様,b-n.yano,矢野裕一,,,7月11日,,7月11日,0127_210_60.jpg
198557,,2,3,元画像なし,,640×220_期間限定お値打ちプランバナー,バナー、期間限定お値打ちプラン、国内旅行、和田慎也様、安田香織様、梶田美佳様、関西発国内,-1,-1,1月1日,1月1日,mukigen,2,WEB販売係/西_梶田様,1,,,,,,web戦略課,矢内美奈子様,b-n.yano,矢野裕一,,,7月11日,,7月11日,0127_640_220.jpg
237071,,2,3,元画像なし,,640×320_関西発道の駅めぐり_特集バナー,バナー、阪急様制作、関西発、国内旅行、大人気バスツアー！うれしいお楽しみ満載！、中岡雅美様、山田晃全様,-1,-1,1月1日,1月1日,mukigen,2,web販売係/西｜中岡雅美様,1,,,,,,web戦略課,矢内美奈子様,b-n.yano,矢野裕一,,,7月31日,,7月31日,0130_640_320.jpg
237071,,2,3,元画像なし,,220×165_関西発道の駅めぐり_特集バナー,バナー、阪急様制作、関西発、国内旅行、大人気バスツアー！うれしいお楽しみ満載！、中岡雅美様、山田晃全様,-1,-1,1月1日,1月1日,mukigen,2,web販売係/西｜中岡雅美様,1,,,,,,web戦略課,矢内美奈子様,b-n.yano,矢野裕一,,,7月31日,,7月31日,0130_220_165.jpg
237071,,2,3,元画像なし,,300×225_関西発道の駅めぐり_特集バナー,バナー、阪急様制作、関西発、国内旅行、大人気バスツアー！うれしいお楽しみ満載！、中岡雅美様、山田晃全様,-1,-1,1月1日,1月1日,mukigen,2,web販売係/西｜中岡雅美様,1,,,,,,web戦略課,矢内美奈子様,b-n.yano,矢野裕一,,,7月31日,,7月31日,0130_300_225.jpg
237071,,2,3,元画像なし,,210×60_関西発道の駅めぐり_特集バナー,バナー、阪急様制作、関西発、国内旅行、大人気バスツアー！うれしいお楽しみ満載！、中岡雅美様、山田晃全様,-1,-1,1月1日,1月1日,mukigen,2,web販売係/西｜中岡雅美様,1,,,,,,web戦略課,矢内美奈子様,b-n.yano,矢野裕一,,,7月31日,,7月31日,0130_210_60.jpg
237071,,2,3,元画像なし,,640×220_関西発道の駅めぐり_特集バナー,バナー、阪急様制作、関西発、国内旅行、大人気バスツアー！うれしいお楽しみ満載！、中岡雅美様、山田晃全様,-1,-1,1月1日,1月1日,mukigen,2,web販売係/西｜中岡雅美様,1,,,,,,web戦略課,矢内美奈子様,b-n.yano,矢野裕一,,,7月31日,,7月31日,0130_640_220.jpg
180873,,2,3,元画像なし,EBP08-35282B.eps,640×320_北海道発フリープラン特集バナー,バナー、格安航空券、北海道発、自由旅行、フリープラン、北海道発国内,-1,-1,1月1日,1月1日,mukigen,2,バド制作,1,,,,,,web戦略課,矢内美奈子様,b-n.yano,矢野裕一,,,4月4日,,1月10日,0132_640_320.jpg
180873,,2,3,元画像なし,EBP08-35282B.eps,220×165_北海道発フリープラン特集バナー,バナー、格安航空券、北海道発、自由旅行、フリープラン、北海道発国内,-1,-1,1月1日,1月1日,mukigen,2,バド制作,1,,,,,,web戦略課,矢内美奈子様,b-n.yano,矢野裕一,,,4月4日,,1月10日,0132_220_165.jpg
180873,,2,3,元画像なし,EBP08-35282B.eps,300×225_北海道発フリープラン特集バナー,バナー、格安航空券、北海道発、自由旅行、フリープラン、北海道発国内,-1,-1,1月1日,1月1日,mukigen,2,バド制作,1,,,,,,web戦略課,矢内美奈子様,b-n.yano,矢野裕一,,,4月4日,,1月10日,0132_300_225.jpg
180873,,2,3,元画像なし,EBP08-35282B.eps,640×220_北海道発フリープラン特集バナー,バナー、格安航空券、北海道発、自由旅行、フリープラン、北海道発国内,-1,-1,1月1日,1月1日,mukigen,2,バド制作,1,,,,,,web戦略課,矢内美奈子様,b-n.yano,矢野裕一,,,4月4日,,1月10日,0132_640_220.jpg
182532,,2,3,元画像なし,,640×320_バスツアー日帰りプランバナー,バナー、バスツアー、日帰り、中岡雅美様,-1,-1,1月1日,1月1日,mukigen,2,WEB販売係/西_中岡雅美様,1,,,,,,web戦略課,矢内美奈子様,b-n.yano,矢野裕一,,,1月17日,,1月16日,0140_640_320.jpg
182532,,2,3,元画像なし,,220×165_バスツアー日帰りプランバナー,バナー、バスツアー、日帰り、中岡雅美様,-1,-1,1月1日,1月1日,mukigen,2,WEB販売係/西_中岡雅美様,1,,,,,,web戦略課,矢内美奈子様,b-n.yano,矢野裕一,,,1月17日,,1月16日,0140_220_165.jpg
182532,,2,3,元画像なし,,300×225_バスツアー日帰りプランバナー,バナー、バスツアー、日帰り、中岡雅美様,-1,-1,1月1日,1月1日,mukigen,2,WEB販売係/西_中岡雅美様,1,,,,,,web戦略課,矢内美奈子様,b-n.yano,矢野裕一,,,1月17日,,1月16日,0140_300_225.jpg
182532,,2,3,元画像なし,,210×60_バスツアー日帰りプランバナー,バナー、バスツアー、日帰り、中岡雅美様,-1,-1,1月1日,1月1日,mukigen,2,WEB販売係/西_中岡雅美様,1,,,,,,web戦略課,矢内美奈子様,b-n.yano,矢野裕一,,,1月17日,,1月16日,0140_210_60.jpg
182532,,2,3,元画像なし,,640×220_バスツアー日帰りプランバナー,バナー、バスツアー、日帰り、中岡雅美様,-1,-1,1月1日,1月1日,mukigen,2,WEB販売係/西_中岡雅美様,1,,,,,,web戦略課,矢内美奈子様,b-n.yano,矢野裕一,,,1月17日,,1月16日,0140_640_220.jpg
182550,,2,3,元画像なし,,640×320_バスツアー宿泊プランバナー,バナー、バスツアー、宿泊プラン、中岡雅美様,-1,-1,1月1日,1月1日,mukigen,2,WEB販売係/西_中岡雅美様,1,,,,,,web戦略課,矢内美奈子様,b-n.yano,矢野裕一,,,1月17日,,1月16日,0141_640_320.jpg
182550,,2,3,元画像なし,,220×165_バスツアー宿泊プランバナー,バナー、バスツアー、宿泊プラン、中岡雅美様,-1,-1,1月1日,1月1日,mukigen,2,WEB販売係/西_中岡雅美様,1,,,,,,web戦略課,矢内美奈子様,b-n.yano,矢野裕一,,,1月17日,,1月16日,0141_220_165.jpg
182550,,2,3,元画像なし,,300×225_バスツアー宿泊プランバナー,バナー、バスツアー、宿泊プラン、中岡雅美様,-1,-1,1月1日,1月1日,mukigen,2,WEB販売係/西_中岡雅美様,1,,,,,,web戦略課,矢内美奈子様,b-n.yano,矢野裕一,,,1月17日,,1月16日,0141_300_225.jpg
182550,,2,3,元画像なし,,210×60_バスツアー宿泊プランバナー,バナー、バスツアー、宿泊プラン、中岡雅美様,-1,-1,1月1日,1月1日,mukigen,2,WEB販売係/西_中岡雅美様,1,,,,,,web戦略課,矢内美奈子様,b-n.yano,矢野裕一,,,1月17日,,1月16日,0141_210_60.jpg
182550,,2,3,元画像なし,,640×220_バスツアー宿泊プランバナー,バナー、バスツアー、宿泊プラン、中岡雅美様,-1,-1,1月1日,1月1日,mukigen,2,WEB販売係/西_中岡雅美様,1,,,,,,web戦略課,矢内美奈子様,b-n.yano,矢野裕一,,,1月17日,,1月16日,0141_640_220.jpg
180587,,2,3,元画像なし,,220×165_名古屋発ヨーロッパお客様アンケート結果,名古屋発 ヨーロッパお客様アンケート結果，アンケート，イタリア，スイス，クルーズ，トルコ，南アフリカ，世界遺産，名古屋発，海外，旅行，ツアー，阪急交通社，バナー，http://www.hankyu-travel.com/ngo-i/euro_enquete/,-1,-1,1月1日,1月1日,mukigen,2,バド制作,1,,,,,,web戦略課,矢内美奈子様,b-n.yano,矢野裕一,,,4月18日,,1月10日,0143_220_165.jpg
180587,,2,3,元画像なし,,210×60_名古屋発ヨーロッパお客様アンケート結果,名古屋発 ヨーロッパお客様アンケート結果，アンケート，イタリア，スイス，クルーズ，トルコ，南アフリカ，世界遺産，名古屋発，海外，旅行，ツアー，阪急交通社，バナー，http://www.hankyu-travel.com/ngo-i/euro_enquete/,-1,-1,1月1日,1月1日,mukigen,2,バド制作,1,,,,,,web戦略課,矢内美奈子様,b-n.yano,矢野裕一,,,4月18日,,1月10日,0143_210_60.jpg
182224,,2,3,元画像なし,EBP10-03324A,640×320_テーマ別用登山・トレッキング・ハイキングバナー,バナー、テーマ別、www.hankyu-travel.com/theme/index.php,-1,-1,1月15日,1月15日,sannen,2,バド制作,1,,,,,,web戦略課,矢内美奈子様,b-n.yano,矢野裕一,,,,,1月15日,0144_640_320.jpg
182224,,2,3,元画像なし,EBP10-03324A,220×165_テーマ別用登山・トレッキング・ハイキングバナー,バナー、テーマ別、www.hankyu-travel.com/theme/index.php,-1,-1,1月15日,1月15日,sannen,2,バド制作,1,,,,,,web戦略課,矢内美奈子様,b-n.yano,矢野裕一,,,,,1月15日,0144_220_165.jpg
182224,,2,3,元画像なし,EBP10-03324A,300×225_テーマ別用登山・トレッキング・ハイキングバナー,バナー、テーマ別、www.hankyu-travel.com/theme/index.php,-1,-1,1月15日,1月15日,sannen,2,バド制作,1,,,,,,web戦略課,矢内美奈子様,b-n.yano,矢野裕一,,,,,1月15日,0144_300_225.jpg
182224,,2,3,元画像なし,EBP10-03324A,210×60_テーマ別用登山・トレッキング・ハイキングバナー,バナー、テーマ別、www.hankyu-travel.com/theme/index.php,-1,-1,1月15日,1月15日,sannen,2,バド制作,1,,,,,,web戦略課,矢内美奈子様,b-n.yano,矢野裕一,,,,,1月15日,0144_210_60.jpg
182224,,2,3,元画像なし,EBP10-03324A,640×220_テーマ別用登山・トレッキング・ハイキングバナー,バナー、テーマ別、www.hankyu-travel.com/theme/index.php,-1,-1,1月15日,1月15日,sannen,2,バド制作,1,,,,,,web戦略課,矢内美奈子様,b-n.yano,矢野裕一,,,,,1月15日,0144_640_220.jpg
181201,,2,3,元画像なし,,640×320_関西発海外アジア大判封書DM(3/27発）バナー,バナー、関西発海外、安・近・短、アジア、DM、3/27、中岡雅美様、http://www.hankyu-travel.com/kansai/asia1/,-1,-1,1月1日,1月1日,mukigen,2,バド制作,1,,,,,,web戦略課,矢内美奈子様,b-n.yano,矢野裕一,,,3月14日,,1月10日,0149_640_320.jpg
181201,,2,3,元画像なし,,220×165_関西発海外アジア大判封書DM(3/27発）バナー,バナー、関西発海外、安・近・短、アジア、DM、3/27、中岡雅美様、http://www.hankyu-travel.com/kansai/asia1/,-1,-1,1月1日,1月1日,mukigen,2,バド制作,1,,,,,,web戦略課,矢内美奈子様,b-n.yano,矢野裕一,,,3月14日,,1月10日,0149_220_165.jpg
181201,,2,3,元画像なし,,300×225_関西発海外アジア大判封書DM(3/27発）バナー,バナー、関西発海外、安・近・短、アジア、DM、3/27、中岡雅美様、http://www.hankyu-travel.com/kansai/asia1/,-1,-1,1月1日,1月1日,mukigen,2,バド制作,1,,,,,,web戦略課,矢内美奈子様,b-n.yano,矢野裕一,,,3月14日,,1月10日,0149_300_225.jpg
181201,,2,3,元画像なし,,640×220_関西発海外アジア大判封書DM(3/27発）バナー,バナー、関西発海外、安・近・短、アジア、DM、3/27、中岡雅美様、http://www.hankyu-travel.com/kansai/asia1/,-1,-1,1月1日,1月1日,mukigen,2,バド制作,1,,,,,,web戦略課,矢内美奈子様,b-n.yano,矢野裕一,,,3月14日,,1月10日,0149_640_220.jpg
240259,,2,3,元画像なし,,640×320_関西発海外旅行お一人様DM_特集バナー,バナー、阪急様制作、関西発、海外旅行、おひとり様参加の旅、おひとりの旅、トラピックス、中岡雅美様、山田晃全様、http://www.hankyu-travel.com/kansai/eur6/ ,-1,-1,8月28日,8月28日,ichinen,2,web販売係/西｜山田晃全様,1,,,,,,web戦略課,矢内美奈子様,b-n.yano,矢野裕一,,,8月28日,,8月28日,0151_640_320.jpg
240259,,2,3,元画像なし,,220×165_関西発海外旅行お一人様DM_特集バナー,バナー、阪急様制作、関西発、海外旅行、おひとり様参加の旅、おひとりの旅、トラピックス、中岡雅美様、山田晃全様、http://www.hankyu-travel.com/kansai/eur6/ ,-1,-1,8月28日,8月28日,ichinen,2,web販売係/西｜山田晃全様,1,,,,,,web戦略課,矢内美奈子様,b-n.yano,矢野裕一,,,8月28日,,8月28日,0151_220_165.jpg
240259,,2,3,元画像なし,,300×225_関西発海外旅行お一人様DM_特集バナー,バナー、阪急様制作、関西発、海外旅行、おひとり様参加の旅、おひとりの旅、トラピックス、中岡雅美様、山田晃全様、http://www.hankyu-travel.com/kansai/eur6/ ,-1,-1,8月28日,8月28日,ichinen,2,web販売係/西｜山田晃全様,1,,,,,,web戦略課,矢内美奈子様,b-n.yano,矢野裕一,,,8月28日,,8月28日,0151_300_225.jpg
240259,,2,3,元画像なし,,640×220_関西発海外旅行お一人様DM_特集バナー,バナー、阪急様制作、関西発、海外旅行、おひとり様参加の旅、おひとりの旅、トラピックス、中岡雅美様、山田晃全様、http://www.hankyu-travel.com/kansai/eur6/ ,-1,-1,8月28日,8月28日,ichinen,2,web販売係/西｜山田晃全様,1,,,,,,web戦略課,矢内美奈子様,b-n.yano,矢野裕一,,,8月28日,,8月28日,0151_640_220.jpg
218049,,2,3,元画像なし,,640×320_海外旅行大説明会バナー,バナー、Z381430、関西発海外、中岡雅美様、大説明会、相談会、海外旅行,-1,-1,1月1日,1月1日,mukigen,2,WEB販売係/西_中岡雅美様,1,,,,,,web戦略課,矢内美奈子様,b-n.yano,矢野裕一,,,2月5日,,2月5日,0152_640_320.jpg
218049,,2,3,元画像なし,,220×165_海外旅行大説明会バナー,バナー、Z381430、関西発海外、中岡雅美様、大説明会、相談会、海外旅行,-1,-1,1月1日,1月1日,mukigen,2,WEB販売係/西_中岡雅美様,1,,,,,,web戦略課,矢内美奈子様,b-n.yano,矢野裕一,,,2月5日,,2月5日,0152_220_165.jpg
218049,,2,3,元画像なし,,300×225_海外旅行大説明会バナー,バナー、Z381430、関西発海外、中岡雅美様、大説明会、相談会、海外旅行,-1,-1,1月1日,1月1日,mukigen,2,WEB販売係/西_中岡雅美様,1,,,,,,web戦略課,矢内美奈子様,b-n.yano,矢野裕一,,,2月5日,,2月5日,0152_300_225.jpg
218049,,2,3,元画像なし,,640×220_海外旅行大説明会バナー,バナー、Z381430、関西発海外、中岡雅美様、大説明会、相談会、海外旅行,-1,-1,1月1日,1月1日,mukigen,2,WEB販売係/西_中岡雅美様,1,,,,,,web戦略課,矢内美奈子様,b-n.yano,矢野裕一,,,2月5日,,2月5日,0152_640_220.jpg
181667,,2,3,元画像なし,,640×320_海外旅行大説明会バナー,,-1,-1,1月1日,1月1日,mukigen,2,バド制作,1,,,,,,web戦略課,矢内美奈子様,b-n.yano,矢野裕一,,,4月4日,,1月10日,0153_640_320.jpg
181667,,2,3,元画像なし,,220×165_海外旅行大説明会バナー,,-1,-1,1月1日,1月1日,mukigen,2,バド制作,1,,,,,,web戦略課,矢内美奈子様,b-n.yano,矢野裕一,,,4月4日,,1月10日,0153_220_165.jpg
181667,,2,3,元画像なし,,300×225_海外旅行大説明会バナー,,-1,-1,1月1日,1月1日,mukigen,2,バド制作,1,,,,,,web戦略課,矢内美奈子様,b-n.yano,矢野裕一,,,4月4日,,1月10日,0153_300_225.jpg
181667,,2,3,元画像なし,,640×220_海外旅行大説明会バナー,,-1,-1,1月1日,1月1日,mukigen,2,バド制作,1,,,,,,web戦略課,矢内美奈子様,b-n.yano,矢野裕一,,,4月4日,,1月10日,0153_640_220.jpg
181282,,2,3,元画像なし,,640×320_関西発海外ハワイハイブリDM（7/31発）バナー,バナー、関西発海外、ハワイ、オススメ、売れ筋、7/31、中岡雅美様、http://www.hankyu-travel.com/kansai/kansai/hwi2/ ,-1,-1,7月31日,7月31日,sannen,2,バド制作,1,,,,,,web戦略課,矢内美奈子様,b-n.yano,矢野裕一,,,7月31日,,1月10日,0156_640_320.jpg
181282,,2,3,元画像なし,,220×165_関西発海外ハワイハイブリDM（7/31発）バナー,バナー、関西発海外、ハワイ、オススメ、売れ筋、7/31、中岡雅美様、http://www.hankyu-travel.com/kansai/kansai/hwi2/ ,-1,-1,7月31日,7月31日,sannen,2,バド制作,1,,,,,,web戦略課,矢内美奈子様,b-n.yano,矢野裕一,,,7月31日,,1月10日,0156_220_165.jpg
181282,,2,3,元画像なし,,300×225_関西発海外ハワイハイブリDM（7/31発）バナー,バナー、関西発海外、ハワイ、オススメ、売れ筋、7/31、中岡雅美様、http://www.hankyu-travel.com/kansai/kansai/hwi2/ ,-1,-1,7月31日,7月31日,sannen,2,バド制作,1,,,,,,web戦略課,矢内美奈子様,b-n.yano,矢野裕一,,,7月31日,,1月10日,0156_300_225.jpg
181282,,2,3,元画像なし,,640×220_関西発海外ハワイハイブリDM（7/31発）バナー,バナー、関西発海外、ハワイ、オススメ、売れ筋、7/31、中岡雅美様、http://www.hankyu-travel.com/kansai/kansai/hwi2/ ,-1,-1,7月31日,7月31日,sannen,2,バド制作,1,,,,,,web戦略課,矢内美奈子様,b-n.yano,矢野裕一,,,7月31日,,1月10日,0156_640_220.jpg
180162,,2,3,元画像なし,EBP09-15975A.eps,640×320_関東発海外イタリア特集バナー,,-1,-1,1月1日,1月1日,mukigen,2,バド制作,1,,,,,,web戦略課,矢内美奈子様,b-n.yano,矢野裕一,,,4月4日,,1月10日,0157_640_320.jpg
180162,,2,3,元画像なし,EBP09-15975A.eps,220×165_関東発海外イタリア特集バナー,,-1,-1,1月1日,1月1日,mukigen,2,バド制作,1,,,,,,web戦略課,矢内美奈子様,b-n.yano,矢野裕一,,,4月4日,,1月10日,0157_220_165.jpg
180162,,2,3,元画像なし,EBP09-15975A.eps,300×225_関東発海外イタリア特集バナー,,-1,-1,1月1日,1月1日,mukigen,2,バド制作,1,,,,,,web戦略課,矢内美奈子様,b-n.yano,矢野裕一,,,4月4日,,1月10日,0157_300_225.jpg
180162,,2,3,元画像なし,EBP09-15975A.eps,640×220_関東発海外イタリア特集バナー,,-1,-1,1月1日,1月1日,mukigen,2,バド制作,1,,,,,,web戦略課,矢内美奈子様,b-n.yano,矢野裕一,,,4月4日,,1月10日,0157_640_220.jpg
180963,,2,3,元画像なし,EBP09-00531A.eps、EBP07-06692A.eps,640×320_大阪海外イタリアフェスタDM_バナー,バナー、関西発海外、イタリア、イタリアフェスタ、DM、7/12発送、尾崎亮子様,-1,-1,1月1日,1月1日,mukigen,2,バド制作,1,,,,,,web戦略課,矢内美奈子様,b-n.yano,矢野裕一,,,7月11日,,1月10日,0158_640_320.jpg
180963,,2,3,元画像なし,EBP09-00531A.eps、EBP07-06692A.eps,220×165_大阪海外イタリアフェスタDM_バナー,バナー、関西発海外、イタリア、イタリアフェスタ、DM、7/12発送、尾崎亮子様,-1,-1,1月1日,1月1日,mukigen,2,バド制作,1,,,,,,web戦略課,矢内美奈子様,b-n.yano,矢野裕一,,,7月11日,,1月10日,0158_220_165.jpg
180963,,2,3,元画像なし,EBP09-00531A.eps、EBP07-06692A.eps,300×225_大阪海外イタリアフェスタDM_バナー,バナー、関西発海外、イタリア、イタリアフェスタ、DM、7/12発送、尾崎亮子様,-1,-1,1月1日,1月1日,mukigen,2,バド制作,1,,,,,,web戦略課,矢内美奈子様,b-n.yano,矢野裕一,,,7月11日,,1月10日,0158_300_225.jpg
180963,,2,3,元画像なし,EBP09-00531A.eps、EBP07-06692A.eps,640×220_大阪海外イタリアフェスタDM_バナー,バナー、関西発海外、イタリア、イタリアフェスタ、DM、7/12発送、尾崎亮子様,-1,-1,1月1日,1月1日,mukigen,2,バド制作,1,,,,,,web戦略課,矢内美奈子様,b-n.yano,矢野裕一,,,7月11日,,1月10日,0158_640_220.jpg
182603,,2,3,元画像なし,,640×320_新聞掲載バナー,バナー、新聞掲載、中岡雅美様,-1,-1,1月1日,1月1日,mukigen,2,WEB販売係/西_中岡雅美様,1,,,,,,web戦略課,矢内美奈子様,b-n.yano,矢野裕一,,,1月17日,,1月16日,0164_640_320.jpg
182603,,2,3,元画像なし,,220×165_新聞掲載バナー,バナー、新聞掲載、中岡雅美様,-1,-1,1月1日,1月1日,mukigen,2,WEB販売係/西_中岡雅美様,1,,,,,,web戦略課,矢内美奈子様,b-n.yano,矢野裕一,,,1月17日,,1月16日,0164_220_165.jpg
182603,,2,3,元画像なし,,300×225_新聞掲載バナー,バナー、新聞掲載、中岡雅美様,-1,-1,1月1日,1月1日,mukigen,2,WEB販売係/西_中岡雅美様,1,,,,,,web戦略課,矢内美奈子様,b-n.yano,矢野裕一,,,1月17日,,1月16日,0164_300_225.jpg
182603,,2,3,元画像なし,,210×60_新聞掲載バナー,バナー、新聞掲載、中岡雅美様,-1,-1,1月1日,1月1日,mukigen,2,WEB販売係/西_中岡雅美様,1,,,,,,web戦略課,矢内美奈子様,b-n.yano,矢野裕一,,,1月17日,,1月16日,0164_210_60.jpg
182603,,2,3,元画像なし,,640×220_新聞掲載バナー,バナー、新聞掲載、中岡雅美様,-1,-1,1月1日,1月1日,mukigen,2,WEB販売係/西_中岡雅美様,1,,,,,,web戦略課,矢内美奈子様,b-n.yano,矢野裕一,,,1月17日,,1月16日,0164_640_220.jpg
180225,,2,3,元画像なし,EBP09-14450A.eps、EBP09-39560A.eps、EBP09-49612A.eps,640×320_名古屋発海外感動の大陸アメリカ特集バナー,バナー、名古屋海外、アメリカ、感動の大陸、ニューヨーク、名古屋発海外,-1,-1,1月1日,1月1日,mukigen,2,バド制作,1,,,,,,web戦略課,矢内美奈子様,b-n.yano,矢野裕一,,,4月4日,,1月10日,0167_640_320.jpg
180225,,2,3,元画像なし,EBP09-14450A.eps、EBP09-39560A.eps、EBP09-49612A.eps,220×165_名古屋発海外感動の大陸アメリカ特集バナー,バナー、名古屋海外、アメリカ、感動の大陸、ニューヨーク、名古屋発海外,-1,-1,1月1日,1月1日,mukigen,2,バド制作,1,,,,,,web戦略課,矢内美奈子様,b-n.yano,矢野裕一,,,4月4日,,1月10日,0167_220_165.jpg
180225,,2,3,元画像なし,EBP09-14450A.eps、EBP09-39560A.eps、EBP09-49612A.eps,300×225_名古屋発海外感動の大陸アメリカ特集バナー,バナー、名古屋海外、アメリカ、感動の大陸、ニューヨーク、名古屋発海外,-1,-1,1月1日,1月1日,mukigen,2,バド制作,1,,,,,,web戦略課,矢内美奈子様,b-n.yano,矢野裕一,,,4月4日,,1月10日,0167_300_225.jpg
180225,,2,3,元画像なし,EBP09-14450A.eps、EBP09-39560A.eps、EBP09-49612A.eps,640×220_名古屋発海外感動の大陸アメリカ特集バナー,バナー、名古屋海外、アメリカ、感動の大陸、ニューヨーク、名古屋発海外,-1,-1,1月1日,1月1日,mukigen,2,バド制作,1,,,,,,web戦略課,矢内美奈子様,b-n.yano,矢野裕一,,,4月4日,,1月10日,0167_640_220.jpg
181294,,2,3,元画像なし,,640×320_火マガ特集_バナー,バナー、関西発国内、阪急たびマガ、メールマガジン、メルマガ、ハイブリ、火マガ、緊急企画、8/20配信、和田慎也様,-1,-1,1月1日,1月1日,mukigen,2,バド制作,1,,,,,,web戦略課,矢内美奈子様,b-n.yano,矢野裕一,,,8月21日,,1月10日,0176_640_320.jpg
181294,,2,3,元画像なし,,220×165_火マガ特集_バナー,バナー、関西発国内、阪急たびマガ、メールマガジン、メルマガ、ハイブリ、火マガ、緊急企画、8/20配信、和田慎也様,-1,-1,1月1日,1月1日,mukigen,2,バド制作,1,,,,,,web戦略課,矢内美奈子様,b-n.yano,矢野裕一,,,8月21日,,1月10日,0176_220_165.jpg
181294,,2,3,元画像なし,,300×225_火マガ特集_バナー,バナー、関西発国内、阪急たびマガ、メールマガジン、メルマガ、ハイブリ、火マガ、緊急企画、8/20配信、和田慎也様,-1,-1,1月1日,1月1日,mukigen,2,バド制作,1,,,,,,web戦略課,矢内美奈子様,b-n.yano,矢野裕一,,,8月21日,,1月10日,0176_300_225.jpg
181294,,2,3,元画像なし,,640×220_火マガ特集_バナー,バナー、関西発国内、阪急たびマガ、メールマガジン、メルマガ、ハイブリ、火マガ、緊急企画、8/20配信、和田慎也様,-1,-1,1月1日,1月1日,mukigen,2,バド制作,1,,,,,,web戦略課,矢内美奈子様,b-n.yano,矢野裕一,,,8月21日,,1月10日,0176_640_220.jpg
191670,,2,3,元画像なし,,640×320_大阪国内テレビでご紹介のおすすめツアーバナー,バナー、テレビでご紹介のおすすめツアー、国内旅行、梶田美佳様、関西発国内,-1,-1,1月1日,1月1日,mukigen,2,WEB戦略課/西_梶田様,1,,,,,,web戦略課,矢内美奈子様,b-n.yano,矢野裕一,,,4月24日,,4月24日,0187_640_320.jpg
191670,,2,3,元画像なし,,220×165_大阪国内テレビでご紹介のおすすめツアーバナー,バナー、テレビでご紹介のおすすめツアー、国内旅行、梶田美佳様、関西発国内,-1,-1,1月1日,1月1日,mukigen,2,WEB戦略課/西_梶田様,1,,,,,,web戦略課,矢内美奈子様,b-n.yano,矢野裕一,,,4月24日,,4月24日,0187_220_165.jpg
232081,,2,3,元画像なし,,640×320_国内旅行トラピックス倶楽部掲載コース_バナー,バナー、阪急様制作、関西発国内、国内旅行、国内旅行トラピックス倶楽部掲載コース、中岡雅美様、平田百合子様,-1,-1,1月1日,1月1日,mukigen,2,WEB販売係/西_中岡雅美様,1,,,,,,web戦略課,矢内美奈子様,b-n.yano,矢野裕一,,,6月19日,,6月19日,0220_640_320.jpg
232081,,2,3,元画像なし,,220×165_国内旅行トラピックス倶楽部掲載コース_バナー,バナー、阪急様制作、関西発国内、国内旅行、国内旅行トラピックス倶楽部掲載コース、中岡雅美様、平田百合子様,-1,-1,1月1日,1月1日,mukigen,2,WEB販売係/西_中岡雅美様,1,,,,,,web戦略課,矢内美奈子様,b-n.yano,矢野裕一,,,6月19日,,6月19日,0220_220_165.jpg
199260,,2,3,元画像なし,,220×165_3TV紹介おすすめツアーバナー,バナー、TV紹介おすすめツアー、トラピックス倶楽部、WEB販売課、川北明様,-1,-1,1月1日,1月1日,mukigen,2,お客様制作,1,,,,,,web戦略課,矢内美奈子様,b-n.yano,矢野裕一,,,7月17日,,7月16日,0234_220_165.jpg
199260,,2,3,元画像なし,,300×225_3TV紹介おすすめツアーバナー,バナー、TV紹介おすすめツアー、トラピックス倶楽部、WEB販売課、川北明様,-1,-1,1月1日,1月1日,mukigen,2,お客様制作,1,,,,,,web戦略課,矢内美奈子様,b-n.yano,矢野裕一,,,7月17日,,7月16日,0234_300_225.jpg
199267,,2,3,元画像なし,,220×165_3TV紹介おすすめツアーバナー,バナー、TV紹介おすすめツアー、トラピックス倶楽部、WEB販売課、川北明様,-1,-1,1月1日,1月1日,mukigen,2,お客様制作,1,,,,,,web戦略課,矢内美奈子様,b-n.yano,矢野裕一,,,7月17日,,7月16日,0235_220_165.jpg
199267,,2,3,元画像なし,,300×225_3TV紹介おすすめツアーバナー,バナー、TV紹介おすすめツアー、トラピックス倶楽部、WEB販売課、川北明様,-1,-1,1月1日,1月1日,mukigen,2,お客様制作,1,,,,,,web戦略課,矢内美奈子様,b-n.yano,矢野裕一,,,7月17日,,7月16日,0235_300_225.jpg
248961,,2,3,元画像なし,il12-60420B,220×165_日帰りツアー特集バナー,バナー、日帰りツアー、バスツアー、国内バスツアー、日帰りバスツアー、観光バスツアー、温泉バスツアー、http://www.hankyu-travel.com/k/ngo-d/bus_tour/,-1,-1,1月1日,1月1日,mukigen,2,バド制作,1,,,,,,web戦略課,矢内美奈子様,b-n.yano,矢野裕一,,,,,12月2日,0241_220_165.jpg
248961,,2,3,元画像なし,il12-60420B,210×60_日帰りツアー特集バナー,バナー、日帰りツアー、バスツアー、国内バスツアー、日帰りバスツアー、観光バスツアー、温泉バスツアー、http://www.hankyu-travel.com/k/ngo-d/bus_tour/,-1,-1,1月1日,1月1日,mukigen,2,バド制作,1,,,,,,web戦略課,矢内美奈子様,b-n.yano,矢野裕一,,,,,12月2日,0241_210_60.jpg
242019,,2,3,元画像なし,ESP10-20146A,220×165_台湾縦断4日間_バナー,台湾、台湾縦断、台湾縦断4日間、2係、販売課、森口様、http://www.hankyu-travel.com/tour/search_i.php?p_hei=92&p_course_id=TU676,-1,-1,9月18日,9月18日,sannen,2,バド制作,1,,,,,,web戦略課,矢内美奈子様,b-n.yano,矢野裕一,,,9月18日,,9月18日,0251_220_165.jpg
197387,,2,3,元画像なし,EBP13-62611A,640×320_名古屋海外台湾特集バナー,,-1,-1,1月1日,1月1日,mukigen,2,バド制作,1,,,,,,web戦略課,矢内美奈子様,b-n.yano,矢野裕一,,,6月25日,,6月25日,0252_640_320.jpg
197387,,2,3,元画像なし,EBP13-62611A,220×165_名古屋海外台湾特集バナー,,-1,-1,1月1日,1月1日,mukigen,2,バド制作,1,,,,,,web戦略課,矢内美奈子様,b-n.yano,矢野裕一,,,6月25日,,6月25日,0252_220_165.jpg
197387,,2,3,元画像なし,EBP13-62611A,300×225_名古屋海外台湾特集バナー,,-1,-1,1月1日,1月1日,mukigen,2,バド制作,1,,,,,,web戦略課,矢内美奈子様,b-n.yano,矢野裕一,,,6月25日,,6月25日,0252_300_225.jpg
236957,,2,3,元画像なし,EBP10-13072A，EBP07-13825A,220×165_四国一周20景バナー,四国一周、20景、四国一周20景、森口様、浅野様、2係、坂本龍馬、桂浜、F629,-1,-1,7月31日,7月31日,sannen,2,バド制作,1,,,,,,web戦略課,矢内美奈子様,b-n.yano,矢野裕一,,,7月31日,,7月31日,0255_220_165.jpg
225595,,2,3,元画像なし,cili_ペア-004.eps,640×320_茨城空港発着ツアー特集バナー,バナー、茨城空港発、国内旅行、Z394930、茨城,-1,-1,1月1日,1月1日,mukigen,2,バド制作,1,,,,,,web戦略課,矢内美奈子様,b-n.yano,矢野裕一,,,4月20日,,4月17日,0257_640_320.jpg
225595,,2,3,元画像なし,cili_ペア-004.eps,220×165_茨城空港発着ツアー特集バナー,バナー、茨城空港発、国内旅行、Z394930、茨城,-1,-1,1月1日,1月1日,mukigen,2,バド制作,1,,,,,,web戦略課,矢内美奈子様,b-n.yano,矢野裕一,,,4月20日,,4月17日,0257_220_165.jpg
225595,,2,3,元画像なし,cili_ペア-004.eps,300×225_茨城空港発着ツアー特集バナー,バナー、茨城空港発、国内旅行、Z394930、茨城,-1,-1,1月1日,1月1日,mukigen,2,バド制作,1,,,,,,web戦略課,矢内美奈子様,b-n.yano,矢野裕一,,,4月20日,,4月17日,0257_300_225.jpg
200447,,2,3,元画像なし,SP12-57659,220×165_茨城空港発着フリープラン,バナー、茨城空港発着、フリープラン、スカイマーク、BC、トラピックス倶楽部、WEB販売課、川北明様,-1,-1,1月1日,1月1日,mukigen,2,お客様制作,1,,,,,,web戦略課,矢内美奈子様,b-n.yano,矢野裕一,,,7月29日,,7月29日,0258_220_165.jpg
251005,,2,3,元画像なし,lg14-73307,640×320_北関東支店5周年記念ツアー（12/15発）バナー,バナー、Z489520、北関東支店、5周年記念ツアー、特集バナー、森口　恵美様,-1,-1,12月18日,12月18日,ichinen,2,バド制作,1,,,,,,web戦略課,矢内美奈子様,b-n.yano,矢野裕一,,,12月18日,,12月18日,0259_640_320.jpg
251005,,2,3,元画像なし,lg14-73307,220×165_北関東支店5周年記念ツアー（12/15発）バナー,バナー、Z489520、北関東支店、5周年記念ツアー、特集バナー、森口　恵美様,-1,-1,12月18日,12月18日,ichinen,2,バド制作,1,,,,,,web戦略課,矢内美奈子様,b-n.yano,矢野裕一,,,12月18日,,12月18日,0259_220_165.jpg
251005,,2,3,元画像なし,lg14-73307,300×225_北関東支店5周年記念ツアー（12/15発）バナー,バナー、Z489520、北関東支店、5周年記念ツアー、特集バナー、森口　恵美様,-1,-1,12月18日,12月18日,ichinen,2,バド制作,1,,,,,,web戦略課,矢内美奈子様,b-n.yano,矢野裕一,,,12月18日,,12月18日,0259_300_225.jpg
185317,,2,3,元画像なし,BP13-62611.tif,640×320_台北バナー,e-very台北，トワイライト九フン，4日間，バナー，Z331660,-1,-1,1月1日,1月1日,mukigen,2,BUD制作,1,,,,,,web戦略課,矢内美奈子様,b-n.yano,矢野裕一,,,2月12日,,2月12日,0635_640_320.gif
185317,,2,3,元画像なし,BP13-62611.tif,220×165_台北バナー,e-very台北，トワイライト九フン，4日間，バナー，Z331660,-1,-1,1月1日,1月1日,mukigen,2,BUD制作,1,,,,,,web戦略課,矢内美奈子様,b-n.yano,矢野裕一,,,2月12日,,2月12日,0635_220_165.gif
185317,,2,3,元画像なし,BP13-62611.tif,300×225_台北バナー,e-very台北，トワイライト九フン，4日間，バナー，Z331660,-1,-1,1月1日,1月1日,mukigen,2,BUD制作,1,,,,,,web戦略課,矢内美奈子様,b-n.yano,矢野裕一,,,2月12日,,2月12日,0635_300_225.gif
185317,,2,3,元画像なし,BP13-62611.tif,640×220_台北バナー,e-very台北，トワイライト九フン，4日間，バナー，Z331660,-1,-1,1月1日,1月1日,mukigen,2,BUD制作,1,,,,,,web戦略課,矢内美奈子様,b-n.yano,矢野裕一,,,2月12日,,2月12日,0635_640_220.gif
184346,,2,3,元画像なし,,640×320_名古屋発イーベリー特集,バナー、名古屋発e-very、名古屋発イーベリー、e-very、イーベリー、名古屋発、http://www.hankyu-travel.com/e-very/ngo/,-1,-1,1月1日,1月1日,mukigen,2,バド制作,1,,,,,,web戦略課,矢内美奈子様,b-n.yano,矢野裕一,,,,,1月31日,0638_640_320.gif
184346,,2,3,元画像なし,,220×165_名古屋発イーベリー特集,バナー、名古屋発e-very、名古屋発イーベリー、e-very、イーベリー、名古屋発、http://www.hankyu-travel.com/e-very/ngo/,-1,-1,1月1日,1月1日,mukigen,2,バド制作,1,,,,,,web戦略課,矢内美奈子様,b-n.yano,矢野裕一,,,,,1月31日,0638_220_165.gif
184346,,2,3,元画像なし,,300×225_名古屋発イーベリー特集,バナー、名古屋発e-very、名古屋発イーベリー、e-very、イーベリー、名古屋発、http://www.hankyu-travel.com/e-very/ngo/,-1,-1,1月1日,1月1日,mukigen,2,バド制作,1,,,,,,web戦略課,矢内美奈子様,b-n.yano,矢野裕一,,,,,1月31日,0638_300_225.gif
184346,,2,3,元画像なし,,640×220_名古屋発イーベリー特集,バナー、名古屋発e-very、名古屋発イーベリー、e-very、イーベリー、名古屋発、http://www.hankyu-travel.com/e-very/ngo/,-1,-1,1月1日,1月1日,mukigen,2,バド制作,1,,,,,,web戦略課,矢内美奈子様,b-n.yano,矢野裕一,,,,,1月31日,0638_640_220.gif
186971,,2,3,元画像なし,SP12-10683.tif,300×225_時遊人,バナー、時遊人、現地集合・解散型ツアー、http://www.hankyu-travel.com/kokunai/jiyuhjin/,-1,-1,1月1日,1月1日,mukigen,2,バド制作,1,,,,,,web戦略課,矢内美奈子様,b-n.yano,矢野裕一,,,2月28日,,2月28日,0769_640_320.gif
186971,,2,3,元画像なし,SP12-10683.tif,640×220_時遊人,バナー、時遊人、現地集合・解散型ツアー、http://www.hankyu-travel.com/kokunai/jiyuhjin/,-1,-1,1月1日,1月1日,mukigen,2,バド制作,1,,,,,,web戦略課,矢内美奈子様,b-n.yano,矢野裕一,,,2月28日,,2月28日,0769_220_165.gif
186971,,2,3,元画像なし,SP12-10683.tif,640×320_時遊人,バナー、時遊人、現地集合・解散型ツアー、http://www.hankyu-travel.com/kokunai/jiyuhjin/,-1,-1,1月1日,1月1日,mukigen,2,バド制作,1,,,,,,web戦略課,矢内美奈子様,b-n.yano,矢野裕一,,,2月28日,,2月28日,0769_300_225.gif
186971,,2,3,元画像なし,SP12-10683.tif,220×165_時遊人,バナー、時遊人、現地集合・解散型ツアー、http://www.hankyu-travel.com/kokunai/jiyuhjin/,-1,-1,1月1日,1月1日,mukigen,2,バド制作,1,,,,,,web戦略課,矢内美奈子様,b-n.yano,矢野裕一,,,2月28日,,2月28日,0769_640_220.gif
181568,,2,3,元画像なし,EBP07-04837A.eps,300×225_岡山発阪急行こうよ！ソウル（89154ソウル）特集,バナー、ソウル、阪急行こうよ！ソウル、89154、清水知大様、岡山発海外、http://www.hankyu-travel.com/okayama/89154seoul/,-1,-1,1月1日,1月1日,mukigen,2,バド制作,1,,,,,,web戦略課,矢内美奈子様,b-n.yano,矢野裕一,,,8月21日,,1月10日,1038_640_320.jpg
181568,,2,3,元画像なし,EBP07-04837A.eps,640×220_岡山発阪急行こうよ！ソウル（89154ソウル）特集,バナー、ソウル、阪急行こうよ！ソウル、89154、清水知大様、岡山発海外、http://www.hankyu-travel.com/okayama/89154seoul/,-1,-1,1月1日,1月1日,mukigen,2,バド制作,1,,,,,,web戦略課,矢内美奈子様,b-n.yano,矢野裕一,,,8月21日,,1月10日,1038_220_165.jpg
181568,,2,3,元画像なし,EBP07-04837A.eps,220×165_岡山発阪急行こうよ！ソウル（89154ソウル）特集,バナー、ソウル、阪急行こうよ！ソウル、89154、清水知大様、岡山発海外、http://www.hankyu-travel.com/okayama/89154seoul/,-1,-1,1月1日,1月1日,mukigen,2,バド制作,1,,,,,,web戦略課,矢内美奈子様,b-n.yano,矢野裕一,,,8月21日,,1月10日,1038_300_225.jpg
181568,,2,3,元画像なし,EBP07-04837A.eps,300×225_岡山発阪急行こうよ！ソウル（89154ソウル）特集,バナー、ソウル、阪急行こうよ！ソウル、89154、清水知大様、岡山発海外、http://www.hankyu-travel.com/okayama/89154seoul/,-1,-1,1月1日,1月1日,mukigen,2,バド制作,1,,,,,,web戦略課,矢内美奈子様,b-n.yano,矢野裕一,,,8月21日,,1月10日,1038_640_220.jpg
181460,,2,3,元画像なし,,640×320_岡山発 東京フリープラン特集バナー,バナー、岡山発国内、フリープラン、東京、関東,-1,-1,1月1日,1月1日,mukigen,2,バド制作,1,,,,,,web戦略課,矢内美奈子様,b-n.yano,矢野裕一,,,4月7日,,1月10日,1042_220_165.jpg
181460,,2,3,元画像なし,,220×165_岡山発 東京フリープラン特集バナー,バナー、岡山発国内、フリープラン、東京、関東,-1,-1,1月1日,1月1日,mukigen,2,バド制作,1,,,,,,web戦略課,矢内美奈子様,b-n.yano,矢野裕一,,,4月7日,,1月10日,1042_300_225.jpg
192995,,2,3,元画像なし,,220×165_リニューアル2016バナー,バナー、松山支店、松山発、愛媛版、折り込みチラシデジタルカタログ、デジタル版折り込みチラシ、山川志麻様 、http://www.hankyu-travel.com/e-book/matsuyama/ ,-1,-1,1月1日,1月1日,mukigen,2,バド制作,1,,,,,,web戦略課,矢内美奈子様,b-n.yano,矢野裕一,,,5月9日,,5月9日,1045_640_320.jpg
192995,,2,3,元画像なし,,300×225_リニューアル2016バナー,バナー、松山支店、松山発、愛媛版、折り込みチラシデジタルカタログ、デジタル版折り込みチラシ、山川志麻様 、http://www.hankyu-travel.com/e-book/matsuyama/ ,-1,-1,1月1日,1月1日,mukigen,2,バド制作,1,,,,,,web戦略課,矢内美奈子様,b-n.yano,矢野裕一,,,5月9日,,5月9日,1045_220_165.jpg
192995,,2,3,元画像なし,,640×320_リニューアル2016バナー,バナー、松山支店、松山発、愛媛版、折り込みチラシデジタルカタログ、デジタル版折り込みチラシ、山川志麻様 、http://www.hankyu-travel.com/e-book/matsuyama/ ,-1,-1,1月1日,1月1日,mukigen,2,バド制作,1,,,,,,web戦略課,矢内美奈子様,b-n.yano,矢野裕一,,,5月9日,,5月9日,1045_300_225.jpg
192995,,2,3,元画像なし,,220×165_リニューアル2016バナー,バナー、松山支店、松山発、愛媛版、折り込みチラシデジタルカタログ、デジタル版折り込みチラシ、山川志麻様 、http://www.hankyu-travel.com/e-book/matsuyama/ ,-1,-1,1月1日,1月1日,mukigen,2,バド制作,1,,,,,,web戦略課,矢内美奈子様,b-n.yano,矢野裕一,,,5月9日,,5月9日,1045_640_220.jpg
186984,,2,3,元画像なし,,640×320_松山支店_沖縄フリープラン特集バナー,バナー、沖縄、フリープラン、山川志麻様、松山発国内旅行,-1,-1,2月28日,2月28日,sannen,2,バド制作,1,,,,,,web戦略課,矢内美奈子様,b-n.yano,矢野裕一,,,,,2月28日,1052_640_320.jpg
186984,,2,3,元画像なし,,220×165_松山支店_沖縄フリープラン特集バナー,バナー、沖縄、フリープラン、山川志麻様、松山発国内旅行,-1,-1,2月28日,2月28日,sannen,2,バド制作,1,,,,,,web戦略課,矢内美奈子様,b-n.yano,矢野裕一,,,,,2月28日,1052_220_165.jpg
186984,,2,3,元画像なし,,300×225_松山支店_沖縄フリープラン特集バナー,バナー、沖縄、フリープラン、山川志麻様、松山発国内旅行,-1,-1,2月28日,2月28日,sannen,2,バド制作,1,,,,,,web戦略課,矢内美奈子様,b-n.yano,矢野裕一,,,,,2月28日,1052_300_225.jpg
186984,,2,3,元画像なし,,640×220_松山支店_沖縄フリープラン特集バナー,バナー、沖縄、フリープラン、山川志麻様、松山発国内旅行,-1,-1,2月28日,2月28日,sannen,2,バド制作,1,,,,,,web戦略課,矢内美奈子様,b-n.yano,矢野裕一,,,,,2月28日,1052_640_220.jpg
181486,,2,3,元画像なし,,640×320_リニューアル2016バナー,バナー、松山発国内、札幌、フリープラン、北海道、山川志麻様,-1,-1,1月1日,1月1日,mukigen,2,バド制作,1,,,,,,web戦略課,矢内美奈子様,b-n.yano,矢野裕一,,,5月24日,,1月10日,1054_220_165.jpg
181486,,2,3,元画像なし,,220×165_リニューアル2016バナー,バナー、松山発国内、札幌、フリープラン、北海道、山川志麻様,-1,-1,1月1日,1月1日,mukigen,2,バド制作,1,,,,,,web戦略課,矢内美奈子様,b-n.yano,矢野裕一,,,5月24日,,1月10日,1054_300_225.jpg
186982,,2,3,元画像なし,EBP07-04856A,300×225_松山発ソウル特集バナー,バナー、ソウル、ソウル特集、山川志麻様、松山発海外,-1,-1,2月28日,2月28日,sannen,2,バド制作,1,,,,,,web戦略課,矢内美奈子様,b-n.yano,矢野裕一,,,,,2月28日,1055_640_320.jpg
186982,,2,3,元画像なし,EBP07-04856A,640×220_松山発ソウル特集バナー,バナー、ソウル、ソウル特集、山川志麻様、松山発海外,-1,-1,2月28日,2月28日,sannen,2,バド制作,1,,,,,,web戦略課,矢内美奈子様,b-n.yano,矢野裕一,,,,,2月28日,1055_220_165.jpg
186982,,2,3,元画像なし,EBP07-04856A,640×320_松山発ソウル特集バナー,バナー、ソウル、ソウル特集、山川志麻様、松山発海外,-1,-1,2月28日,2月28日,sannen,2,バド制作,1,,,,,,web戦略課,矢内美奈子様,b-n.yano,矢野裕一,,,,,2月28日,1055_300_225.jpg
186982,,2,3,元画像なし,EBP07-04856A,220×165_松山発ソウル特集バナー,バナー、ソウル、ソウル特集、山川志麻様、松山発海外,-1,-1,2月28日,2月28日,sannen,2,バド制作,1,,,,,,web戦略課,矢内美奈子様,b-n.yano,矢野裕一,,,,,2月28日,1055_640_220.jpg
186979,,2,3,元画像なし,,640×320_松山発海外コタキナバルフリープラン特集バナー,バナー、松山発海外、コタキナバル、フリープラン、山川志麻様,-1,-1,2月28日,2月28日,sannen,2,バド制作,1,,,,,,web戦略課,矢内美奈子様,b-n.yano,矢野裕一,,,,,2月28日,1059_640_320.jpg
186979,,2,3,元画像なし,,220×165_松山発海外コタキナバルフリープラン特集バナー,バナー、松山発海外、コタキナバル、フリープラン、山川志麻様,-1,-1,2月28日,2月28日,sannen,2,バド制作,1,,,,,,web戦略課,矢内美奈子様,b-n.yano,矢野裕一,,,,,2月28日,1059_220_165.jpg
186979,,2,3,元画像なし,,300×225_松山発海外コタキナバルフリープラン特集バナー,バナー、松山発海外、コタキナバル、フリープラン、山川志麻様,-1,-1,2月28日,2月28日,sannen,2,バド制作,1,,,,,,web戦略課,矢内美奈子様,b-n.yano,矢野裕一,,,,,2月28日,1059_300_225.jpg
186979,,2,3,元画像なし,,640×220_松山発海外コタキナバルフリープラン特集バナー,バナー、松山発海外、コタキナバル、フリープラン、山川志麻様,-1,-1,2月28日,2月28日,sannen,2,バド制作,1,,,,,,web戦略課,矢内美奈子様,b-n.yano,矢野裕一,,,,,2月28日,1059_640_220.jpg
186978,,2,3,元画像なし,,640×320_松山発海外プーケットフリープラン特集バナー,バナー、松山発海外、プーケット、フリープラン、山川志麻様,-1,-1,2月28日,2月28日,sannen,2,バド制作,1,,,,,,web戦略課,矢内美奈子様,b-n.yano,矢野裕一,,,,,2月28日,1060_640_320.jpg
186978,,2,3,元画像なし,,220×165_松山発海外プーケットフリープラン特集バナー,バナー、松山発海外、プーケット、フリープラン、山川志麻様,-1,-1,2月28日,2月28日,sannen,2,バド制作,1,,,,,,web戦略課,矢内美奈子様,b-n.yano,矢野裕一,,,,,2月28日,1060_220_165.jpg
186978,,2,3,元画像なし,,300×225_松山発海外プーケットフリープラン特集バナー,バナー、松山発海外、プーケット、フリープラン、山川志麻様,-1,-1,2月28日,2月28日,sannen,2,バド制作,1,,,,,,web戦略課,矢内美奈子様,b-n.yano,矢野裕一,,,,,2月28日,1060_300_225.jpg
186978,,2,3,元画像なし,,640×220_松山発海外プーケットフリープラン特集バナー,バナー、松山発海外、プーケット、フリープラン、山川志麻様,-1,-1,2月28日,2月28日,sannen,2,バド制作,1,,,,,,web戦略課,矢内美奈子様,b-n.yano,矢野裕一,,,,,2月28日,1060_640_220.jpg
143359,,2,3,元画像なし,,640×320_松山発海外台湾フリープラン特集バナー,バナー、松山発海外、台湾、フリープラン、山川志麻様,-1,-1,1月1日,1月1日,mukigen,2,バド制作,1,,,,,,web戦略課,矢内美奈子様,b-n.yano,矢野裕一,,,1月15日,,1月15日,1063_640_320.jpg
143359,,2,3,元画像なし,,220×165_松山発海外台湾フリープラン特集バナー,バナー、松山発海外、台湾、フリープラン、山川志麻様,-1,-1,1月1日,1月1日,mukigen,2,バド制作,1,,,,,,web戦略課,矢内美奈子様,b-n.yano,矢野裕一,,,1月15日,,1月15日,1063_220_165.jpg
143359,,2,3,元画像なし,,300×225_松山発海外台湾フリープラン特集バナー,バナー、松山発海外、台湾、フリープラン、山川志麻様,-1,-1,1月1日,1月1日,mukigen,2,バド制作,1,,,,,,web戦略課,矢内美奈子様,b-n.yano,矢野裕一,,,1月15日,,1月15日,1063_300_225.jpg
143359,,2,3,元画像なし,,640×220_松山発海外台湾フリープラン特集バナー,バナー、松山発海外、台湾、フリープラン、山川志麻様,-1,-1,1月1日,1月1日,mukigen,2,バド制作,1,,,,,,web戦略課,矢内美奈子様,b-n.yano,矢野裕一,,,1月15日,,1月15日,1063_640_220.jpg
181551,,2,3,元画像なし,,220×165_松山支店_沖縄フリープラン特集バナー,バナー、沖縄、フリープラン、山川志麻様、松山発国内旅行,-1,-1,1月1日,1月1日,mukigen,2,バド制作,1,,,,,,web戦略課,矢内美奈子様,b-n.yano,矢野裕一,,,6月6日,,1月10日,1067_220_165.jpg
181551,,2,3,元画像なし,,300×225_松山支店_沖縄フリープラン特集バナー,バナー、沖縄、フリープラン、山川志麻様、松山発国内旅行,-1,-1,1月1日,1月1日,mukigen,2,バド制作,1,,,,,,web戦略課,矢内美奈子様,b-n.yano,矢野裕一,,,6月6日,,1月10日,1067_300_225.jpg
181548,,2,3,元画像なし,,640×320_松山支店_東京フリープラン特集バナー,バナー、東京、フリープラン、山川志麻様、松山発国内旅行,-1,-1,1月1日,1月1日,mukigen,2,バド制作,1,,,,,,web戦略課,矢内美奈子様,b-n.yano,矢野裕一,,,6月6日,,1月10日,1068_640_320.gif
181548,,2,3,元画像なし,,220×165_松山支店_東京フリープラン特集バナー,バナー、東京、フリープラン、山川志麻様、松山発国内旅行,-1,-1,1月1日,1月1日,mukigen,2,バド制作,1,,,,,,web戦略課,矢内美奈子様,b-n.yano,矢野裕一,,,6月6日,,1月10日,1068_220_165.gif
181548,,2,3,元画像なし,,300×225_松山支店_東京フリープラン特集バナー,バナー、東京、フリープラン、山川志麻様、松山発国内旅行,-1,-1,1月1日,1月1日,mukigen,2,バド制作,1,,,,,,web戦略課,矢内美奈子様,b-n.yano,矢野裕一,,,6月6日,,1月10日,1068_300_225.gif
181548,,2,3,元画像なし,,640×220_松山支店_東京フリープラン特集バナー,バナー、東京、フリープラン、山川志麻様、松山発国内旅行,-1,-1,1月1日,1月1日,mukigen,2,バド制作,1,,,,,,web戦略課,矢内美奈子様,b-n.yano,矢野裕一,,,6月6日,,1月10日,1068_640_220.gif
248732,,2,3,元画像なし,EBP15-32989A,640×320_中・四国・北陸合同WEBページ制作バナー,バナー、中国・四国発海外、北陸海外、海外旅行、ときめいて陽光の南イタリア7日間、http://www.hankyu-travel.com/kaigai/vd/ita072/、Z485310、和田慎也様,-1,-1,11月27日,11月27日,ichinen,2,バド制作,1,,,,,,web戦略課,矢内美奈子様,b-n.yano,矢野裕一,,,11月27日,,11月27日,1078_640_320.jpg
248732,,2,3,元画像なし,EBP15-32989A,220×165_中・四国・北陸合同WEBページ制作バナー,バナー、中国・四国発海外、北陸海外、海外旅行、ときめいて陽光の南イタリア7日間、http://www.hankyu-travel.com/kaigai/vd/ita072/、Z485310、和田慎也様,-1,-1,11月27日,11月27日,ichinen,2,バド制作,1,,,,,,web戦略課,矢内美奈子様,b-n.yano,矢野裕一,,,11月27日,,11月27日,1078_220_165.jpg
248732,,2,3,元画像なし,EBP15-32989A,300×225_中・四国・北陸合同WEBページ制作バナー,バナー、中国・四国発海外、北陸海外、海外旅行、ときめいて陽光の南イタリア7日間、http://www.hankyu-travel.com/kaigai/vd/ita072/、Z485310、和田慎也様,-1,-1,11月27日,11月27日,ichinen,2,バド制作,1,,,,,,web戦略課,矢内美奈子様,b-n.yano,矢野裕一,,,11月27日,,11月27日,1078_300_225.jpg
248732,,2,3,元画像なし,EBP15-32989A,640×220_中・四国・北陸合同WEBページ制作バナー,バナー、中国・四国発海外、北陸海外、海外旅行、ときめいて陽光の南イタリア7日間、http://www.hankyu-travel.com/kaigai/vd/ita072/、Z485310、和田慎也様,-1,-1,11月27日,11月27日,ichinen,2,バド制作,1,,,,,,web戦略課,矢内美奈子様,b-n.yano,矢野裕一,,,11月27日,,11月27日,1078_640_220.jpg
180351,,2,3,元画像なし,EBP07-04854A.eps、EBP09-07775A.eps、ESP09-31529A.eps、ESP09-46808A.eps、EBP08-19964A.eps、EBP09-34003A.eps、EBP09-18392A.eps,220×165_広島発海外インターネット限定特集バナー,バナー、広島発海外、89164010、阪急ひろしまじゆう、インターネット限定、フリープラン、自由旅行,-1,-1,1月1日,1月1日,mukigen,2,バド制作,1,,,,,,web戦略課,矢内美奈子様,b-n.yano,矢野裕一,,,4月11日,,1月10日,1107_220_165.jpg
180351,,2,3,元画像なし,EBP07-04854A.eps、EBP09-07775A.eps、ESP09-31529A.eps、ESP09-46808A.eps、EBP08-19964A.eps、EBP09-34003A.eps、EBP09-18392A.eps,300×225_広島発海外インターネット限定特集バナー,バナー、広島発海外、89164010、阪急ひろしまじゆう、インターネット限定、フリープラン、自由旅行,-1,-1,1月1日,1月1日,mukigen,2,バド制作,1,,,,,,web戦略課,矢内美奈子様,b-n.yano,矢野裕一,,,4月11日,,1月10日,1107_300_225.jpg
180347,,2,3,元画像なし,,640×320_広島発国内フリープラン特集_バナー,バナー、広島発国内、国内フリープラン、中田雄三様,-1,-1,1月1日,1月1日,mukigen,2,バド制作,1,,,,,,web戦略課,矢内美奈子様,b-n.yano,矢野裕一,,,11月6日,,1月10日,1108_640_320.jpg
180347,,2,3,元画像なし,,220×165_広島発国内フリープラン特集_バナー,バナー、広島発国内、国内フリープラン、中田雄三様,-1,-1,1月1日,1月1日,mukigen,2,バド制作,1,,,,,,web戦略課,矢内美奈子様,b-n.yano,矢野裕一,,,11月6日,,1月10日,1108_220_165.jpg
180347,,2,3,元画像なし,,300×225_広島発国内フリープラン特集_バナー,バナー、広島発国内、国内フリープラン、中田雄三様,-1,-1,1月1日,1月1日,mukigen,2,バド制作,1,,,,,,web戦略課,矢内美奈子様,b-n.yano,矢野裕一,,,11月6日,,1月10日,1108_300_225.jpg
180347,,2,3,元画像なし,,640×220_広島発国内フリープラン特集_バナー,バナー、広島発国内、国内フリープラン、中田雄三様,-1,-1,1月1日,1月1日,mukigen,2,バド制作,1,,,,,,web戦略課,矢内美奈子様,b-n.yano,矢野裕一,,,11月6日,,1月10日,1108_640_220.jpg
189964,,2,3,元画像なし,,220×165_高松支店_東京フリープランバナー,バナー、東京フリープラン、高松支店、国内旅行、梶田美佳様、和田慎也様,-1,-1,1月1日,1月1日,mukigen,2,WEB戦略課/西_梶田様,1,,,,,,web戦略課,矢内美奈子様,b-n.yano,矢野裕一,,,4月2日,,4月2日,1114_220_165.jpg
189964,,2,3,元画像なし,,300×225_高松支店_東京フリープランバナー,バナー、東京フリープラン、高松支店、国内旅行、梶田美佳様、和田慎也様,-1,-1,1月1日,1月1日,mukigen,2,WEB戦略課/西_梶田様,1,,,,,,web戦略課,矢内美奈子様,b-n.yano,矢野裕一,,,4月2日,,4月2日,1114_300_225.jpg
181523,,2,3,元画像なし,,220×165_高松発国内・海外折り込み掲載コース特集バナー,バナー、高松発国内、高松発海外、折り込み掲載コース、DM、山本敬三様、http://www.hankyu-travel.com/takamatsu/dm/tak/orikomi/,-1,-1,9月6日,9月6日,sannen,2,バド制作,1,,,,,,web戦略課,矢内美奈子様,b-n.yano,矢野裕一,,,9月6日,,1月10日,1115_220_165.jpg
181523,,2,3,元画像なし,,300×225_高松発国内・海外折り込み掲載コース特集バナー,バナー、高松発国内、高松発海外、折り込み掲載コース、DM、山本敬三様、http://www.hankyu-travel.com/takamatsu/dm/tak/orikomi/,-1,-1,9月6日,9月6日,sannen,2,バド制作,1,,,,,,web戦略課,矢内美奈子様,b-n.yano,矢野裕一,,,9月6日,,1月10日,1115_300_225.jpg
181121,,2,3,元画像なし,,220×165_山陰営業所_ソウルホテルセレクション特集バナー,バナー、ソウル、ホテルセレクション、中岡雅美様、山陰発海外旅行、http://www.hankyu-travel.com/sanin/sel/,-1,-1,1月1日,1月1日,mukigen,2,バド制作,1,,,,,,web戦略課,矢内美奈子様,b-n.yano,矢野裕一,,,6月6日,,1月10日,1118_220_165.jpg
181121,,2,3,元画像なし,,300×225_山陰営業所_ソウルホテルセレクション特集バナー,バナー、ソウル、ホテルセレクション、中岡雅美様、山陰発海外旅行、http://www.hankyu-travel.com/sanin/sel/,-1,-1,1月1日,1月1日,mukigen,2,バド制作,1,,,,,,web戦略課,矢内美奈子様,b-n.yano,矢野裕一,,,6月6日,,1月10日,1118_300_225.jpg
258317,,2,3,元画像なし,,220×165_山口営業所開設2周年バナー,バナー、山口営業所開設2周年、和田慎也様、Z502060,-1,-1,2月15日,2月15日,ichinen,2,バド制作,1,,,,,,web戦略課,矢内美奈子様,b-n.yano,矢野裕一,,,2月15日,,2月15日,1119_220_165.jpg
258317,,2,3,元画像なし,,300×225_山口営業所開設2周年バナー,バナー、山口営業所開設2周年、和田慎也様、Z502060,-1,-1,2月15日,2月15日,ichinen,2,バド制作,1,,,,,,web戦略課,矢内美奈子様,b-n.yano,矢野裕一,,,2月15日,,2月15日,1119_300_225.jpg