p_dest_name,p_dest_code,p_country_name,p_country_code,p_city_name,url,cms_link
アジア,AAS,,,,https://www.hankyu-travel.com/asia/,
アジア,AAS,中国,CN,,https://www.hankyu-travel.com/china/,http://cms.hankyu-travel.com/cgi-bin/mta/mt.cgi?__mode=view&_type=entry&id=151622&blog_id=72
アジア,AAS,中国,CN,北京,https://www.hankyu-travel.com/china/beijing/,http://cms.hankyu-travel.com/cgi-bin/mta/mt.cgi?__mode=view&_type=entry&id=151622&blog_id=72
アジア,AAS,中国,CN,上海,https://www.hankyu-travel.com/china/shanghai/,http://cms.hankyu-travel.com/cgi-bin/mta/mt.cgi?__mode=view&_type=entry&id=151622&blog_id=72
アジア,AAS,中国,CN,大連,https://www.hankyu-travel.com/china/dalian/,http://cms.hankyu-travel.com/cgi-bin/mta/mt.cgi?__mode=view&_type=entry&id=151622&blog_id=72
アジア,AAS,中国,CN,杭州,https://www.hankyu-travel.com/china/hangzhou/,http://cms.hankyu-travel.com/cgi-bin/mta/mt.cgi?__mode=view&_type=entry&id=151622&blog_id=72
アジア,AAS,中国,CN,成都,https://www.hankyu-travel.com/china/chengdu/,http://cms.hankyu-travel.com/cgi-bin/mta/mt.cgi?__mode=view&_type=entry&id=151622&blog_id=72
アジア,AAS,中国,CN,西安,https://www.hankyu-travel.com/china/xian/,http://cms.hankyu-travel.com/cgi-bin/mta/mt.cgi?__mode=view&_type=entry&id=151622&blog_id=72
アジア,AAS,中国,CN,九寨溝・黄龍,https://www.hankyu-travel.com/china/jiuzhaigou/,http://cms.hankyu-travel.com/cgi-bin/mta/mt.cgi?__mode=view&_type=entry&id=151622&blog_id=72
アジア,AAS,中国,CN,チベット,https://www.hankyu-travel.com/china/tibet/,http://cms.hankyu-travel.com/cgi-bin/mta/mt.cgi?__mode=view&_type=entry&id=151622&blog_id=72
アジア,AAS,韓国,KR,,https://www.hankyu-travel.com/korea/,http://cms.hankyu-travel.com/cgi-bin/mta/mt.cgi?__mode=view&_type=entry&id=151622&blog_id=72
アジア,AAS,韓国,KR,ソウル,https://www.hankyu-travel.com/korea/seoul/,http://cms.hankyu-travel.com/cgi-bin/mta/mt.cgi?__mode=view&_type=entry&id=151622&blog_id=72
アジア,AAS,韓国,KR,釜山,https://www.hankyu-travel.com/korea/busan/,http://cms.hankyu-travel.com/cgi-bin/mta/mt.cgi?__mode=view&_type=entry&id=151622&blog_id=72
アジア,AAS,韓国,KR,済州島,https://www.hankyu-travel.com/korea/jeju/,http://cms.hankyu-travel.com/cgi-bin/mta/mt.cgi?__mode=view&_type=entry&id=151622&blog_id=72
アジア,AAS,台湾,TW,,https://www.hankyu-travel.com/taiwan/,http://cms.hankyu-travel.com/cgi-bin/mta/mt.cgi?__mode=view&_type=entry&id=151622&blog_id=72
アジア,AAS,台湾,TW,台北,https://www.hankyu-travel.com/taiwan/taipei/,http://cms.hankyu-travel.com/cgi-bin/mta/mt.cgi?__mode=view&_type=entry&id=151622&blog_id=72
アジア,AAS,台湾,TW,台中,https://www.hankyu-travel.com/taiwan/taichung/,http://cms.hankyu-travel.com/cgi-bin/mta/mt.cgi?__mode=view&_type=entry&id=151622&blog_id=72
アジア,AAS,台湾,TW,台南,https://www.hankyu-travel.com/taiwan/tainan/,http://cms.hankyu-travel.com/cgi-bin/mta/mt.cgi?__mode=view&_type=entry&id=151622&blog_id=72
アジア,AAS,台湾,TW,高雄,https://www.hankyu-travel.com/taiwan/kaohsiung/,http://cms.hankyu-travel.com/cgi-bin/mta/mt.cgi?__mode=view&_type=entry&id=151622&blog_id=72
アジア,AAS,ベトナム,VN,,https://www.hankyu-travel.com/vietnam/,http://cms.hankyu-travel.com/cgi-bin/mta/mt.cgi?__mode=view&_type=entry&id=151622&blog_id=72
アジア,AAS,ベトナム,VN,ハノイ,https://www.hankyu-travel.com/vietnam/hanoi/,http://cms.hankyu-travel.com/cgi-bin/mta/mt.cgi?__mode=view&_type=entry&id=151622&blog_id=72
アジア,AAS,ベトナム,VN,ハロン湾,https://www.hankyu-travel.com/vietnam/halon/,http://cms.hankyu-travel.com/cgi-bin/mta/mt.cgi?__mode=view&_type=entry&id=151622&blog_id=72
アジア,AAS,ベトナム,VN,ホイアン,https://www.hankyu-travel.com/vietnam/hoian/,http://cms.hankyu-travel.com/cgi-bin/mta/mt.cgi?__mode=view&_type=entry&id=151622&blog_id=72
アジア,AAS,ベトナム,VN,ホーチミン,https://www.hankyu-travel.com/vietnam/hochiminh/,http://cms.hankyu-travel.com/cgi-bin/mta/mt.cgi?__mode=view&_type=entry&id=151622&blog_id=72
アジア,AAS,香港,HK,,https://www.hankyu-travel.com/hongkong/,http://cms.hankyu-travel.com/cgi-bin/mta/mt.cgi?__mode=view&_type=entry&id=151622&blog_id=72
アジア,AAS,マカオ,MO,,https://www.hankyu-travel.com/macau/,http://cms.hankyu-travel.com/cgi-bin/mta/mt.cgi?__mode=view&_type=entry&id=151622&blog_id=72
アジア,AAS,タイ,TH,,https://www.hankyu-travel.com/thailand/,http://cms.hankyu-travel.com/cgi-bin/mta/mt.cgi?__mode=view&_type=entry&id=151622&blog_id=72
アジア,AAS,シンガポール,SG,,https://www.hankyu-travel.com/singapore/,http://cms.hankyu-travel.com/cgi-bin/mta/mt.cgi?__mode=view&_type=entry&id=151622&blog_id=72
アジア,AAS,マレーシア,MY,,https://www.hankyu-travel.com/malaysia/,http://cms.hankyu-travel.com/cgi-bin/mta/mt.cgi?__mode=view&_type=entry&id=151622&blog_id=72
アジア,AAS,フィリピン,PH,,https://www.hankyu-travel.com/philippines/,http://cms.hankyu-travel.com/cgi-bin/mta/mt.cgi?__mode=view&_type=entry&id=151622&blog_id=72
アジア,AAS,インドネシア,ID,,https://www.hankyu-travel.com/asian-beach/,http://cms.hankyu-travel.com/cgi-bin/mta/mt.cgi?__mode=view&_type=entry&id=151622&blog_id=72
アジア,AAS,カンボジア,KH,,https://www.hankyu-travel.com/cambodia/,http://cms.hankyu-travel.com/cgi-bin/mta/mt.cgi?__mode=view&_type=entry&id=151622&blog_id=72
アジア,AAS,インド,IN,,https://www.hankyu-travel.com/india/,http://cms.hankyu-travel.com/cgi-bin/mta/mt.cgi?__mode=view&_type=entry&id=151622&blog_id=72
アジア,AAS,ネパール,NP,,https://www.hankyu-travel.com/nepal/,http://cms.hankyu-travel.com/cgi-bin/mta/mt.cgi?__mode=view&_type=entry&id=151622&blog_id=72
アジア,AAS,スリランカ,LK,,https://www.hankyu-travel.com/srilanka/,http://cms.hankyu-travel.com/cgi-bin/mta/mt.cgi?__mode=view&_type=entry&id=151622&blog_id=72
アジア,AAS,モルディブ,MV,,https://www.hankyu-travel.com/maldives/,http://cms.hankyu-travel.com/cgi-bin/mta/mt.cgi?__mode=view&_type=entry&id=151622&blog_id=72
アジア,AAS,ミャンマー,MM,,https://www.hankyu-travel.com/myanmar/,http://cms.hankyu-travel.com/cgi-bin/mta/mt.cgi?__mode=view&_type=entry&id=151622&blog_id=72
アジア,AAS,ラオス,LA,,https://www.hankyu-travel.com/laos/,http://cms.hankyu-travel.com/cgi-bin/mta/mt.cgi?__mode=view&_type=entry&id=151622&blog_id=72
ヨーロッパ,BEU,,,,https://www.hankyu-travel.com/europe/,
ヨーロッパ,BEU,フランス,FR,,https://www.hankyu-travel.com/france/,http://cms.hankyu-travel.com/cgi-bin/mta/mt.cgi?__mode=view&_type=entry&id=151621&blog_id=72
ヨーロッパ,BEU,フランス,FR,パリ,https://www.hankyu-travel.com/france/paris/,http://cms.hankyu-travel.com/cgi-bin/mta/mt.cgi?__mode=view&_type=entry&id=151621&blog_id=72
ヨーロッパ,BEU,フランス,FR,モンサンミッシェル,https://www.hankyu-travel.com/france/montstmichel/,http://cms.hankyu-travel.com/cgi-bin/mta/mt.cgi?__mode=view&_type=entry&id=151621&blog_id=72
ヨーロッパ,BEU,フランス,FR,ロワール,https://www.hankyu-travel.com/france/loire/,http://cms.hankyu-travel.com/cgi-bin/mta/mt.cgi?__mode=view&_type=entry&id=151621&blog_id=72
ヨーロッパ,BEU,フランス,FR,ニース,https://www.hankyu-travel.com/france/nice/,http://cms.hankyu-travel.com/cgi-bin/mta/mt.cgi?__mode=view&_type=entry&id=151621&blog_id=72
ヨーロッパ,BEU,フランス,FR,プロヴァンス,https://www.hankyu-travel.com/france/provence/,http://cms.hankyu-travel.com/cgi-bin/mta/mt.cgi?__mode=view&_type=entry&id=151621&blog_id=72
ヨーロッパ,BEU,イギリス,GB,,https://www.hankyu-travel.com/uk/,http://cms.hankyu-travel.com/cgi-bin/mta/mt.cgi?__mode=view&_type=entry&id=151621&blog_id=72
ヨーロッパ,BEU,イギリス,GB,ロンドン,https://www.hankyu-travel.com/uk/london/,http://cms.hankyu-travel.com/cgi-bin/mta/mt.cgi?__mode=view&_type=entry&id=151621&blog_id=72
ヨーロッパ,BEU,イギリス,GB,湖水地方,https://www.hankyu-travel.com/uk/lakedistrict/,http://cms.hankyu-travel.com/cgi-bin/mta/mt.cgi?__mode=view&_type=entry&id=151621&blog_id=72
ヨーロッパ,BEU,イギリス,GB,コッツウォルズ,https://www.hankyu-travel.com/uk/cotswolds/,http://cms.hankyu-travel.com/cgi-bin/mta/mt.cgi?__mode=view&_type=entry&id=151621&blog_id=72
ヨーロッパ,BEU,イギリス,GB,エジンバラ,https://www.hankyu-travel.com/uk/edinburgh/,http://cms.hankyu-travel.com/cgi-bin/mta/mt.cgi?__mode=view&_type=entry&id=151621&blog_id=72
ヨーロッパ,BEU,イタリア,IT,,https://www.hankyu-travel.com/italy/,http://cms.hankyu-travel.com/cgi-bin/mta/mt.cgi?__mode=view&_type=entry&id=151621&blog_id=72
ヨーロッパ,BEU,イタリア,IT,ローマ,https://www.hankyu-travel.com/italy/roma/,http://cms.hankyu-travel.com/cgi-bin/mta/mt.cgi?__mode=view&_type=entry&id=151621&blog_id=72
ヨーロッパ,BEU,イタリア,IT,ベネチア,https://www.hankyu-travel.com/italy/venezia/,http://cms.hankyu-travel.com/cgi-bin/mta/mt.cgi?__mode=view&_type=entry&id=151621&blog_id=72
ヨーロッパ,BEU,イタリア,IT,ミラノ,https://www.hankyu-travel.com/italy/milano/,http://cms.hankyu-travel.com/cgi-bin/mta/mt.cgi?__mode=view&_type=entry&id=151621&blog_id=72
ヨーロッパ,BEU,イタリア,IT,フィレンツェ,https://www.hankyu-travel.com/italy/firenze/,http://cms.hankyu-travel.com/cgi-bin/mta/mt.cgi?__mode=view&_type=entry&id=151621&blog_id=72
ヨーロッパ,BEU,イタリア,IT,ナポリ,https://www.hankyu-travel.com/italy/napoli/,http://cms.hankyu-travel.com/cgi-bin/mta/mt.cgi?__mode=view&_type=entry&id=151621&blog_id=72
ヨーロッパ,BEU,イタリア,IT,カプリ島,https://www.hankyu-travel.com/italy/capri/,http://cms.hankyu-travel.com/cgi-bin/mta/mt.cgi?__mode=view&_type=entry&id=151621&blog_id=72
ヨーロッパ,BEU,イタリア,IT,アルベロベッロ,https://www.hankyu-travel.com/italy/alberobello/,http://cms.hankyu-travel.com/cgi-bin/mta/mt.cgi?__mode=view&_type=entry&id=151621&blog_id=72
ヨーロッパ,BEU,イタリア,IT,アマルフィ,https://www.hankyu-travel.com/italy/amalfi/,http://cms.hankyu-travel.com/cgi-bin/mta/mt.cgi?__mode=view&_type=entry&id=151621&blog_id=72
ヨーロッパ,BEU,イタリア,IT,ピサ,https://www.hankyu-travel.com/italy/pisa/,http://cms.hankyu-travel.com/cgi-bin/mta/mt.cgi?__mode=view&_type=entry&id=151621&blog_id=72
ヨーロッパ,BEU,イタリア,IT,シチリア島,https://www.hankyu-travel.com/italy/sicilia/,http://cms.hankyu-travel.com/cgi-bin/mta/mt.cgi?__mode=view&_type=entry&id=151621&blog_id=72
ヨーロッパ,BEU,イタリア,IT,マテーラ,https://www.hankyu-travel.com/italy/matera/,http://cms.hankyu-travel.com/cgi-bin/mta/mt.cgi?__mode=view&_type=entry&id=151621&blog_id=72
ヨーロッパ,BEU,アイルランド,IE,,https://www.hankyu-travel.com/ireland/,http://cms.hankyu-travel.com/cgi-bin/mta/mt.cgi?__mode=view&_type=entry&id=151621&blog_id=72
ヨーロッパ,BEU,ドイツ,DE,,https://www.hankyu-travel.com/germany/,http://cms.hankyu-travel.com/cgi-bin/mta/mt.cgi?__mode=view&_type=entry&id=151621&blog_id=72
ヨーロッパ,BEU,ドイツ,DE,ローテンブルク,https://www.hankyu-travel.com/germany/rothenburg/,http://cms.hankyu-travel.com/cgi-bin/mta/mt.cgi?__mode=view&_type=entry&id=151621&blog_id=72
ヨーロッパ,BEU,ドイツ,DE,フランクフルト,https://www.hankyu-travel.com/germany/frankfurt/,http://cms.hankyu-travel.com/cgi-bin/mta/mt.cgi?__mode=view&_type=entry&id=151621&blog_id=72
ヨーロッパ,BEU,ドイツ,DE,ノイシュバンシュタイン城,https://www.hankyu-travel.com/germany/neuschwanstein/,http://cms.hankyu-travel.com/cgi-bin/mta/mt.cgi?__mode=view&_type=entry&id=151621&blog_id=72
ヨーロッパ,BEU,ドイツ,DE,ハイデルベルク,https://www.hankyu-travel.com/germany/heidelberg/,http://cms.hankyu-travel.com/cgi-bin/mta/mt.cgi?__mode=view&_type=entry&id=151621&blog_id=72
ヨーロッパ,BEU,ドイツ,DE,ベルリン,https://www.hankyu-travel.com/germany/berlin/,http://cms.hankyu-travel.com/cgi-bin/mta/mt.cgi?__mode=view&_type=entry&id=151621&blog_id=72
ヨーロッパ,BEU,ドイツ,DE,ミュンヘン,https://www.hankyu-travel.com/germany/munchen/,http://cms.hankyu-travel.com/cgi-bin/mta/mt.cgi?__mode=view&_type=entry&id=151621&blog_id=72
ヨーロッパ,BEU,スペイン,ES,,https://www.hankyu-travel.com/spain/,http://cms.hankyu-travel.com/cgi-bin/mta/mt.cgi?__mode=view&_type=entry&id=151621&blog_id=72
ヨーロッパ,BEU,スペイン,ES,バルセロナ,https://www.hankyu-travel.com/spain/barcelona/,http://cms.hankyu-travel.com/cgi-bin/mta/mt.cgi?__mode=view&_type=entry&id=151621&blog_id=72
ヨーロッパ,BEU,スペイン,ES,マドリッド,https://www.hankyu-travel.com/spain/madrid/,http://cms.hankyu-travel.com/cgi-bin/mta/mt.cgi?__mode=view&_type=entry&id=151621&blog_id=72
ヨーロッパ,BEU,スペイン,ES,トレド,https://www.hankyu-travel.com/spain/toledo/,http://cms.hankyu-travel.com/cgi-bin/mta/mt.cgi?__mode=view&_type=entry&id=151621&blog_id=72
ヨーロッパ,BEU,スペイン,ES,ミハス,https://www.hankyu-travel.com/spain/mijas/,http://cms.hankyu-travel.com/cgi-bin/mta/mt.cgi?__mode=view&_type=entry&id=151621&blog_id=72
ヨーロッパ,BEU,スペイン,ES,ラ・マンチャ,https://www.hankyu-travel.com/spain/la-mancha/,http://cms.hankyu-travel.com/cgi-bin/mta/mt.cgi?__mode=view&_type=entry&id=151621&blog_id=72
ヨーロッパ,BEU,スペイン,ES,セゴビア,https://www.hankyu-travel.com/spain/segovia/,http://cms.hankyu-travel.com/cgi-bin/mta/mt.cgi?__mode=view&_type=entry&id=151621&blog_id=72
ヨーロッパ,BEU,スペイン,ES,セビリア,https://www.hankyu-travel.com/spain/sevilla/,http://cms.hankyu-travel.com/cgi-bin/mta/mt.cgi?__mode=view&_type=entry&id=151621&blog_id=72
ヨーロッパ,BEU,スペイン,ES,グラナダ,https://www.hankyu-travel.com/spain/granada/,http://cms.hankyu-travel.com/cgi-bin/mta/mt.cgi?__mode=view&_type=entry&id=151621&blog_id=72
ヨーロッパ,BEU,スペイン,ES,サンティアゴ・デ・コンポステーラ,https://www.hankyu-travel.com/spain/santiago/,http://cms.hankyu-travel.com/cgi-bin/mta/mt.cgi?__mode=view&_type=entry&id=151621&blog_id=72
ヨーロッパ,BEU,マルタ,MT,,https://www.hankyu-travel.com/malta/,http://cms.hankyu-travel.com/cgi-bin/mta/mt.cgi?__mode=view&_type=entry&id=151621&blog_id=72
ヨーロッパ,BEU,ギリシャ,GR,,https://www.hankyu-travel.com/greece/,http://cms.hankyu-travel.com/cgi-bin/mta/mt.cgi?__mode=view&_type=entry&id=151621&blog_id=72
ヨーロッパ,BEU,スイス,CH,,https://www.hankyu-travel.com/swiss/,http://cms.hankyu-travel.com/cgi-bin/mta/mt.cgi?__mode=view&_type=entry&id=151621&blog_id=72
ヨーロッパ,BEU,オランダ,NL,,https://www.hankyu-travel.com/holland/,http://cms.hankyu-travel.com/cgi-bin/mta/mt.cgi?__mode=view&_type=entry&id=151621&blog_id=72
ヨーロッパ,BEU,ベルギー,BE,,https://www.hankyu-travel.com/belgium/,http://cms.hankyu-travel.com/cgi-bin/mta/mt.cgi?__mode=view&_type=entry&id=151621&blog_id=72
ヨーロッパ,BEU,ポルトガル,PT,,https://www.hankyu-travel.com/portugal/,http://cms.hankyu-travel.com/cgi-bin/mta/mt.cgi?__mode=view&_type=entry&id=151621&blog_id=72
ヨーロッパ,BEU,ロシア,RU,,https://www.hankyu-travel.com/russia/,http://cms.hankyu-travel.com/cgi-bin/mta/mt.cgi?__mode=view&_type=entry&id=151621&blog_id=72
ヨーロッパ,BEU,北欧,FI,,https://www.hankyu-travel.com/northern-eur/,http://cms.hankyu-travel.com/cgi-bin/mta/mt.cgi?__mode=view&_type=entry&id=151621&blog_id=72
ヨーロッパ,BEU,デンマーク,DK,,https://www.hankyu-travel.com/denmark/,http://cms.hankyu-travel.com/cgi-bin/mta/mt.cgi?__mode=view&_type=entry&id=151621&blog_id=72
ヨーロッパ,BEU,ノルウェー,NO,,https://www.hankyu-travel.com/norway/,http://cms.hankyu-travel.com/cgi-bin/mta/mt.cgi?__mode=view&_type=entry&id=151621&blog_id=72
ヨーロッパ,BEU,スウェーデン,SE,,https://www.hankyu-travel.com/sweden/,http://cms.hankyu-travel.com/cgi-bin/mta/mt.cgi?__mode=view&_type=entry&id=151621&blog_id=72
ヨーロッパ,BEU,フィンランド,FI,,https://www.hankyu-travel.com/finland/,http://cms.hankyu-travel.com/cgi-bin/mta/mt.cgi?__mode=view&_type=entry&id=151621&blog_id=72
ヨーロッパ,BEU,アイスランド,IS,,https://www.hankyu-travel.com/iceland/,http://cms.hankyu-travel.com/cgi-bin/mta/mt.cgi?__mode=view&_type=entry&id=151621&blog_id=72
ヨーロッパ,BEU,東欧・中欧,CZ,,https://www.hankyu-travel.com/east-eur/,http://cms.hankyu-travel.com/cgi-bin/mta/mt.cgi?__mode=view&_type=entry&id=151621&blog_id=72
ヨーロッパ,BEU,オーストリア,AT,,https://www.hankyu-travel.com/austria/,http://cms.hankyu-travel.com/cgi-bin/mta/mt.cgi?__mode=view&_type=entry&id=151621&blog_id=72
ヨーロッパ,BEU,オーストリア,AT,ザルツブルク,https://www.hankyu-travel.com/austria/salzburg/,http://cms.hankyu-travel.com/cgi-bin/mta/mt.cgi?__mode=view&_type=entry&id=151621&blog_id=72
ヨーロッパ,BEU,オーストリア,AT,ザルツカンマーグート,https://www.hankyu-travel.com/austria/salzkammergut/,http://cms.hankyu-travel.com/cgi-bin/mta/mt.cgi?__mode=view&_type=entry&id=151621&blog_id=72
ヨーロッパ,BEU,オーストリア,AT,グラーツ,https://www.hankyu-travel.com/austria/graz/,http://cms.hankyu-travel.com/cgi-bin/mta/mt.cgi?__mode=view&_type=entry&id=151621&blog_id=72
ヨーロッパ,BEU,オーストリア,AT,インスブルック,https://www.hankyu-travel.com/austria/innsbruck/,http://cms.hankyu-travel.com/cgi-bin/mta/mt.cgi?__mode=view&_type=entry&id=151621&blog_id=72
ヨーロッパ,BEU,オーストリア,AT,ウィーン,https://www.hankyu-travel.com/austria/wien/,http://cms.hankyu-travel.com/cgi-bin/mta/mt.cgi?__mode=view&_type=entry&id=151621&blog_id=72
ヨーロッパ,BEU,チェコ,CZ,,https://www.hankyu-travel.com/czech/,http://cms.hankyu-travel.com/cgi-bin/mta/mt.cgi?__mode=view&_type=entry&id=151621&blog_id=72
ヨーロッパ,BEU,スロバキア,SK,,https://www.hankyu-travel.com/slovakia/,http://cms.hankyu-travel.com/cgi-bin/mta/mt.cgi?__mode=view&_type=entry&id=151621&blog_id=72
ヨーロッパ,BEU,ハンガリー,HU,,https://www.hankyu-travel.com/hungary/,http://cms.hankyu-travel.com/cgi-bin/mta/mt.cgi?__mode=view&_type=entry&id=151621&blog_id=72
ヨーロッパ,BEU,ポーランド,PL,,https://www.hankyu-travel.com/poland/,http://cms.hankyu-travel.com/cgi-bin/mta/mt.cgi?__mode=view&_type=entry&id=151621&blog_id=72
ヨーロッパ,BEU,ルーマニア,RO,,https://www.hankyu-travel.com/rumania/,http://cms.hankyu-travel.com/cgi-bin/mta/mt.cgi?__mode=view&_type=entry&id=151621&blog_id=72
ヨーロッパ,BEU,ブルガリア,BG,,https://www.hankyu-travel.com/bulgaria/,http://cms.hankyu-travel.com/cgi-bin/mta/mt.cgi?__mode=view&_type=entry&id=151621&blog_id=72
ヨーロッパ,BEU,クロアチア・スロベニア,HR,,https://www.hankyu-travel.com/croatia-slovenia/,http://cms.hankyu-travel.com/cgi-bin/mta/mt.cgi?__mode=view&_type=entry&id=151621&blog_id=72
ヨーロッパ,BEU,バルト三国,EE,,https://www.hankyu-travel.com/baltic/,http://cms.hankyu-travel.com/cgi-bin/mta/mt.cgi?__mode=view&_type=entry&id=151621&blog_id=72
アフリカ,CAF,,,,https://www.hankyu-travel.com/africa/,
アフリカ,CAF,エジプト,EG,,https://www.hankyu-travel.com/egypt/,http://cms.hankyu-travel.com/cgi-bin/mta/mt.cgi?__mode=view&_type=entry&id=151623&blog_id=72
アフリカ,CAF,チュニジア,TN ,,https://www.hankyu-travel.com/tunisia/,http://cms.hankyu-travel.com/cgi-bin/mta/mt.cgi?__mode=view&_type=entry&id=151623&blog_id=72
アフリカ,CAF,モロッコ,MA,,https://www.hankyu-travel.com/morocco/,http://cms.hankyu-travel.com/cgi-bin/mta/mt.cgi?__mode=view&_type=entry&id=151623&blog_id=72
アフリカ,CAF,南アフリカ,ZA,,https://www.hankyu-travel.com/south-africa/,http://cms.hankyu-travel.com/cgi-bin/mta/mt.cgi?__mode=view&_type=entry&id=151623&blog_id=72
アフリカ,CAF,ケニア,KE,,https://www.hankyu-travel.com/kenya/,http://cms.hankyu-travel.com/cgi-bin/mta/mt.cgi?__mode=view&_type=entry&id=151623&blog_id=72
アフリカ,CAF,ボツワナ,BW,,https://www.hankyu-travel.com/botswana/,http://cms.hankyu-travel.com/cgi-bin/mta/mt.cgi?__mode=view&_type=entry&id=151623&blog_id=72
アフリカ,CAF,ジンバブエ・ザンビア,ZW,,https://www.hankyu-travel.com/jinbabue-zanvia/,http://cms.hankyu-travel.com/cgi-bin/mta/mt.cgi?__mode=view&_type=entry&id=151623&blog_id=72
アフリカ,CAF,タンザニア,TZ,,https://www.hankyu-travel.com/tanzania/,http://cms.hankyu-travel.com/cgi-bin/mta/mt.cgi?__mode=view&_type=entry&id=151623&blog_id=72
アフリカ,CAF,ナミビア,NA,,,http://cms.hankyu-travel.com/cgi-bin/mta/mt.cgi?__mode=view&_type=entry&id=151623&blog_id=72
北米,DNU,,,,https://www.hankyu-travel.com/north-america/,
北米,DNU,アメリカ,US,,https://www.hankyu-travel.com/america/,http://cms.hankyu-travel.com/cgi-bin/mta/mt.cgi?__mode=view&_type=entry&id=151625&blog_id=72
北米,DNU,アメリカ,US,ロサンゼルス,https://www.hankyu-travel.com/america/la/,http://cms.hankyu-travel.com/cgi-bin/mta/mt.cgi?__mode=view&_type=entry&id=151625&blog_id=72
北米,DNU,アメリカ,US,ラスベガス,https://www.hankyu-travel.com/america/lasvegas/,http://cms.hankyu-travel.com/cgi-bin/mta/mt.cgi?__mode=view&_type=entry&id=151625&blog_id=72
北米,DNU,アメリカ,US,グランドキャニオン,https://www.hankyu-travel.com/america/grandcanyon/,http://cms.hankyu-travel.com/cgi-bin/mta/mt.cgi?__mode=view&_type=entry&id=151625&blog_id=72
北米,DNU,アメリカ,US,サンフランシスコ,https://www.hankyu-travel.com/america/sanfrancisco/,http://cms.hankyu-travel.com/cgi-bin/mta/mt.cgi?__mode=view&_type=entry&id=151625&blog_id=72
北米,DNU,アメリカ,US,ヨセミテ,https://www.hankyu-travel.com/america/yosemite/,http://cms.hankyu-travel.com/cgi-bin/mta/mt.cgi?__mode=view&_type=entry&id=151625&blog_id=72
北米,DNU,アメリカ,US,シアトル,https://www.hankyu-travel.com/america/seattle/,http://cms.hankyu-travel.com/cgi-bin/mta/mt.cgi?__mode=view&_type=entry&id=151625&blog_id=72
北米,DNU,アメリカ,US,ニューヨーク,https://www.hankyu-travel.com/america/ny/,http://cms.hankyu-travel.com/cgi-bin/mta/mt.cgi?__mode=view&_type=entry&id=151625&blog_id=72
北米,DNU,アメリカ,US,ボストン,https://www.hankyu-travel.com/america/boston/,http://cms.hankyu-travel.com/cgi-bin/mta/mt.cgi?__mode=view&_type=entry&id=151625&blog_id=72
北米,DNU,アメリカ,US,オーランド,https://www.hankyu-travel.com/america/orlando/,http://cms.hankyu-travel.com/cgi-bin/mta/mt.cgi?__mode=view&_type=entry&id=151625&blog_id=72
北米,DNU,アメリカ,US,アラスカ,https://www.hankyu-travel.com/america/alaska/,http://cms.hankyu-travel.com/cgi-bin/mta/mt.cgi?__mode=view&_type=entry&id=151625&blog_id=72
北米,DNU,カナダ,CA,,https://www.hankyu-travel.com/canada/,http://cms.hankyu-travel.com/cgi-bin/mta/mt.cgi?__mode=view&_type=entry&id=151625&blog_id=72
北米,DNU,カナダ,CA,バンクーバー,https://www.hankyu-travel.com/canada/vancouver/,http://cms.hankyu-travel.com/cgi-bin/mta/mt.cgi?__mode=view&_type=entry&id=151625&blog_id=72
北米,DNU,カナダ,CA,カナディアンロッキー,https://www.hankyu-travel.com/canada/rockies/,http://cms.hankyu-travel.com/cgi-bin/mta/mt.cgi?__mode=view&_type=entry&id=151625&blog_id=72
北米,DNU,カナダ,CA,ナイアガラ,https://www.hankyu-travel.com/canada/niagara/,http://cms.hankyu-travel.com/cgi-bin/mta/mt.cgi?__mode=view&_type=entry&id=151625&blog_id=72
北米,DNU,カナダ,CA,トロント,https://www.hankyu-travel.com/canada/toronto/,http://cms.hankyu-travel.com/cgi-bin/mta/mt.cgi?__mode=view&_type=entry&id=151625&blog_id=72
北米,DNU,カナダ,CA,ケベック,https://www.hankyu-travel.com/canada/quebec/,http://cms.hankyu-travel.com/cgi-bin/mta/mt.cgi?__mode=view&_type=entry&id=151625&blog_id=72
北米,DNU,カナダ,CA,モントリオール,https://www.hankyu-travel.com/canada/montreal/,http://cms.hankyu-travel.com/cgi-bin/mta/mt.cgi?__mode=view&_type=entry&id=151625&blog_id=72
北米,DNU,カナダ,CA,プリンスエドワード島,https://www.hankyu-travel.com/canada/pei/,http://cms.hankyu-travel.com/cgi-bin/mta/mt.cgi?__mode=view&_type=entry&id=151625&blog_id=72
北米,DNU,カナダ,CA,イエローナイフ,https://www.hankyu-travel.com/canada/yellowknife/,http://cms.hankyu-travel.com/cgi-bin/mta/mt.cgi?__mode=view&_type=entry&id=151625&blog_id=72
オセアニア,FOC,,,,https://www.hankyu-travel.com/oceania/,
オセアニア,FOC,オーストラリア,AU,,https://www.hankyu-travel.com/australia/,http://cms.hankyu-travel.com/cgi-bin/mta/mt.cgi?__mode=view&_type=entry&id=151627&blog_id=72
オセアニア,FOC,オーストラリア,AU,シドニー,https://www.hankyu-travel.com/australia/sydney/,http://cms.hankyu-travel.com/cgi-bin/mta/mt.cgi?__mode=view&_type=entry&id=151627&blog_id=72
オセアニア,FOC,オーストラリア,AU,ゴールドコースト,https://www.hankyu-travel.com/australia/goldcoast/,http://cms.hankyu-travel.com/cgi-bin/mta/mt.cgi?__mode=view&_type=entry&id=151627&blog_id=72
オセアニア,FOC,オーストラリア,AU,ケアンズ,https://www.hankyu-travel.com/australia/cairns/,http://cms.hankyu-travel.com/cgi-bin/mta/mt.cgi?__mode=view&_type=entry&id=151627&blog_id=72
オセアニア,FOC,オーストラリア,AU,グレートバリアリーフ,https://www.hankyu-travel.com/australia/great-barrier-reef/,http://cms.hankyu-travel.com/cgi-bin/mta/mt.cgi?__mode=view&_type=entry&id=151627&blog_id=72
オセアニア,FOC,オーストラリア,AU,エアーズロック,https://www.hankyu-travel.com/australia/uluru/,http://cms.hankyu-travel.com/cgi-bin/mta/mt.cgi?__mode=view&_type=entry&id=151627&blog_id=72
オセアニア,FOC,オーストラリア,AU,メルボルン,https://www.hankyu-travel.com/australia/melbourne/,http://cms.hankyu-travel.com/cgi-bin/mta/mt.cgi?__mode=view&_type=entry&id=151627&blog_id=72
オセアニア,FOC,オーストラリア,AU,パース,https://www.hankyu-travel.com/australia/perth/,http://cms.hankyu-travel.com/cgi-bin/mta/mt.cgi?__mode=view&_type=entry&id=151627&blog_id=72
オセアニア,FOC,オーストラリア,AU,タスマニア島,https://www.hankyu-travel.com/australia/tasmania/,http://cms.hankyu-travel.com/cgi-bin/mta/mt.cgi?__mode=view&_type=entry&id=151627&blog_id=72
オセアニア,FOC,ニュージーランド,NZ,,https://www.hankyu-travel.com/newzealand/,http://cms.hankyu-travel.com/cgi-bin/mta/mt.cgi?__mode=view&_type=entry&id=151627&blog_id=72
南太平洋,FOC,,,,https://www.hankyu-travel.com/s-pacific/,
南太平洋,FOC,タヒチ,PF,,https://www.hankyu-travel.com/tahiti/,http://cms.hankyu-travel.com/cgi-bin/mta/mt.cgi?__mode=view&_type=entry&id=151628&blog_id=72
南太平洋,FOC,ニューカレドニア,NC,,https://www.hankyu-travel.com/newcaledonia/,http://cms.hankyu-travel.com/cgi-bin/mta/mt.cgi?__mode=view&_type=entry&id=151628&blog_id=72
南太平洋,FOC,フィジー,FJ,,https://www.hankyu-travel.com/fiji/,http://cms.hankyu-travel.com/cgi-bin/mta/mt.cgi?__mode=view&_type=entry&id=151628&blog_id=72
南太平洋,FOC,バヌアツ,VU,,,http://cms.hankyu-travel.com/cgi-bin/mta/mt.cgi?__mode=view&_type=entry&id=151628&blog_id=72
ミクロネシア,MNA,,,,https://www.hankyu-travel.com/micronesia/,
ミクロネシア,MNA,グアム,GU,,https://www.hankyu-travel.com/guam/,http://cms.hankyu-travel.com/cgi-bin/mta/mt.cgi?__mode=view&_type=entry&id=151630&blog_id=72
ミクロネシア,MNA,サイパン,SP,,https://www.hankyu-travel.com/saipan/,http://cms.hankyu-travel.com/cgi-bin/mta/mt.cgi?__mode=view&_type=entry&id=151630&blog_id=72
中南米,ESU,,,,https://www.hankyu-travel.com/latin-america/,
中南米,ESU,メキシコ,MX,,https://www.hankyu-travel.com/mexico/,http://cms.hankyu-travel.com/cgi-bin/mta/mt.cgi?__mode=view&_type=entry&id=151626&blog_id=72
中南米,ESU,ブラジル,BR,,https://www.hankyu-travel.com/brazil/,http://cms.hankyu-travel.com/cgi-bin/mta/mt.cgi?__mode=view&_type=entry&id=151626&blog_id=72
中南米,ESU,エクアドル,EC,,https://www.hankyu-travel.com/ecuador/,http://cms.hankyu-travel.com/cgi-bin/mta/mt.cgi?__mode=view&_type=entry&id=151626&blog_id=72
中南米,ESU,ベネズエラ,VE,,https://www.hankyu-travel.com/venezuela/,http://cms.hankyu-travel.com/cgi-bin/mta/mt.cgi?__mode=view&_type=entry&id=151626&blog_id=72
中南米,ESU,ペルー,PE,,https://www.hankyu-travel.com/peru/,http://cms.hankyu-travel.com/cgi-bin/mta/mt.cgi?__mode=view&_type=entry&id=151626&blog_id=72
中南米,ESU,アルゼンチン,AR,,https://www.hankyu-travel.com/argentina/,http://cms.hankyu-travel.com/cgi-bin/mta/mt.cgi?__mode=view&_type=entry&id=151626&blog_id=72
中近東,CHT,,,,https://www.hankyu-travel.com/middle-east/,
中近東,CHT,トルコ,TR,,https://www.hankyu-travel.com/turkey/,http://cms.hankyu-travel.com/cgi-bin/mta/mt.cgi?__mode=view&_type=entry&id=151624&blog_id=72
中近東,CHT,トルコ,TR,イスタンブール,https://www.hankyu-travel.com/turkey/istanbul/,http://cms.hankyu-travel.com/cgi-bin/mta/mt.cgi?__mode=view&_type=entry&id=151624&blog_id=72
中近東,CHT,トルコ,TR,カッパドキア,https://www.hankyu-travel.com/turkey/cappadocia/,http://cms.hankyu-travel.com/cgi-bin/mta/mt.cgi?__mode=view&_type=entry&id=151624&blog_id=72
中近東,CHT,トルコ,TR,トロイ,https://www.hankyu-travel.com/turkey/troy/,http://cms.hankyu-travel.com/cgi-bin/mta/mt.cgi?__mode=view&_type=entry&id=151624&blog_id=72
中近東,CHT,トルコ,TR,パムッカレ,https://www.hankyu-travel.com/turkey/pamukkale/,http://cms.hankyu-travel.com/cgi-bin/mta/mt.cgi?__mode=view&_type=entry&id=151624&blog_id=72
中近東,CHT,ヨルダン,JO,,https://www.hankyu-travel.com/jordan/,http://cms.hankyu-travel.com/cgi-bin/mta/mt.cgi?__mode=view&_type=entry&id=151624&blog_id=72
中近東,CHT,イスラエル,IL,,https://www.hankyu-travel.com/israel/,http://cms.hankyu-travel.com/cgi-bin/mta/mt.cgi?__mode=view&_type=entry&id=151624&blog_id=72
中近東,CHT,アラブ首長国連邦,AE,,https://www.hankyu-travel.com/uae/,http://cms.hankyu-travel.com/cgi-bin/mta/mt.cgi?__mode=view&_type=entry&id=151624&blog_id=72
中近東,CHT,アラブ首長国連邦,AE,ドバイ,httpss://www.hankyu-travel.com/uae/dubai/,http://cms.hankyu-travel.com/cgi-bin/mta/mt.cgi?__mode=view&_type=entry&id=151624&blog_id=72
中近東,CHT,ウズベキスタン,UZ,,https://www.hankyu-travel.com/uzbekistan/,http://cms.hankyu-travel.com/cgi-bin/mta/mt.cgi?__mode=view&_type=entry&id=151624&blog_id=72
中近東,CHT,イラン,IR,,https://www.hankyu-travel.com/iran/,http://cms.hankyu-travel.com/cgi-bin/mta/mt.cgi?__mode=view&_type=entry&id=151624&blog_id=72
ハワイ,HWI,,,,https://www.hankyu-travel.com/hawaii/,http://cms.hankyu-travel.com/cgi-bin/mta/mt.cgi?__mode=view&_type=entry&id=151629&blog_id=72
ハワイ,HWI,ハワイ,HA,,https://www.hankyu-travel.com/hawaii/,http://cms.hankyu-travel.com/cgi-bin/mta/mt.cgi?__mode=view&_type=entry&id=151629&blog_id=72
ハワイ,HWI,ハワイ,HA,オアフ島（ホノルル）,https://www.hankyu-travel.com/hawaii/oahu/,http://cms.hankyu-travel.com/cgi-bin/mta/mt.cgi?__mode=view&_type=entry&id=151629&blog_id=72
ハワイ,HWI,ハワイ,HA,ハワイ島,https://www.hankyu-travel.com/hawaii/bigisland/,http://cms.hankyu-travel.com/cgi-bin/mta/mt.cgi?__mode=view&_type=entry&id=151629&blog_id=72
ハワイ,HWI,ハワイ,HA,マウイ島,https://www.hankyu-travel.com/hawaii/maui/,http://cms.hankyu-travel.com/cgi-bin/mta/mt.cgi?__mode=view&_type=entry&id=151629&blog_id=72
ハワイ,HWI,ハワイ,HA,カウアイ島,https://www.hankyu-travel.com/hawaii/kauai/,http://cms.hankyu-travel.com/cgi-bin/mta/mt.cgi?__mode=view&_type=entry&id=151629&blog_id=72
